allele,n,spearman,spearman_ci_lo,spearman_ci_hi,pearson,pearson_ci_lo,pearson_ci_hi,rmse,rmse_ci_lo,rmse_ci_hi,assay,scheme,model,task,prevalence,auroc,auroc_ci_lo,auroc_ci_hi,auprc,auprc_ci_lo,auprc_ci_hi
A*01:01,190,0.000929344346390732,-0.15933822313490179,0.174598287093536,0.05860545388759565,-0.09158795919873831,0.18893234398319264,1.3795747821353133,1.2852171817864946,1.4866867459675717,IC50,cv1,B0,regression,,,,,,,
A*02:01,5260,-0.014441431785116463,-0.04215710929708144,0.01651207963534664,-0.016204237892349996,-0.04657501202951927,0.020761014056745054,1.4382682692705273,1.4109514325859551,1.4609604674716683,IC50,cv1,B0,regression,,,,,,,
A*03:01,423,0.015887591808431446,-0.09355680767428032,0.12454391045503262,0.0059645190428023465,-0.09227863303273746,0.12332935440164262,1.1714967353513268,1.1165253760890674,1.2375675258894507,IC50,cv1,B0,regression,,,,,,,
A*11:01,469,-0.011881834621460625,-0.10301916463447036,0.09842521331500145,-0.02434167722415212,-0.13829325808966,0.057201636108565636,1.3036209711131366,1.247729146370962,1.3564621391842762,IC50,cv1,B0,regression,,,,,,,
A*23:01,29,0.09245003270420485,-0.27714150910544094,0.4569015102872292,0.10013870889626139,-0.2762581168320603,0.41708335654570494,1.5857673693805805,1.2852505293871042,1.8998044685848676,IC50,cv1,B0,regression,,,,,,,
A*24:02,587,0.04236487107527469,-0.041730257532777676,0.12086201020487054,0.04187396591101804,-0.043326081617674254,0.11408756156127592,1.2223247340863574,1.1833037741020083,1.2650713204503543,IC50,cv1,B0,regression,,,,,,,
A*26:01,17,-0.04729617431225452,-0.544427452612858,0.3991867371720714,-0.12221962525704586,-0.5591030263126617,0.3490022551517475,1.1796283934795926,0.9559527571212839,1.3852790946146252,IC50,cv1,B0,regression,,,,,,,
A*29:02,48,0.17415710623675865,-0.09628249154143086,0.46381891793032726,0.23386375586202063,-0.06463659074845227,0.5168689904488192,1.6252557096217577,1.3562565466062209,1.902844900166125,IC50,cv1,B0,regression,,,,,,,
A*30:01,10,0.11842661873440458,-0.5823666038982468,0.5269837446262955,0.15846944371412533,-0.7383704981544814,0.48514119401430583,1.250582483362667,0.9831279646419331,1.4167083701950733,IC50,cv1,B0,regression,,,,,,,
A*30:02,31,0.1449572713177651,-0.21811766018361525,0.521242924707226,0.08072271220963037,-0.30211914978681315,0.4445684397197739,1.3268607873798712,1.057281362321899,1.647403706558031,IC50,cv1,B0,regression,,,,,,,
A*31:01,107,-0.07135669385481168,-0.29037462808007475,0.18493408858912755,-0.12961552989778746,-0.3966008876623045,0.09164043083622839,1.0016582430457353,0.8779148479219068,1.1153843681291493,IC50,cv1,B0,regression,,,,,,,
A*68:01,78,-0.20965520159127357,-0.4031795852498714,0.05584872706818253,-0.21597434555382566,-0.4579391914895257,0.05917042643584551,1.2328007398112908,1.1105872987943801,1.3523337005179918,IC50,cv1,B0,regression,,,,,,,
A*68:02,2169,-0.026188760663722832,-0.06808916350739215,0.014407112553663321,-0.037490885967860724,-0.08901254553925139,0.01259737004337443,1.2110757772483902,1.1678732394872187,1.2459209879692614,IC50,cv1,B0,regression,,,,,,,
B*07:02,407,-0.05195784775310052,-0.17139119352789664,0.06305065284009409,-0.06486993150420531,-0.1730641585358924,0.05477525253117031,1.3617791068703944,1.2833614688930866,1.4382634757354906,IC50,cv1,B0,regression,,,,,,,
B*08:01,81,0.007560376773768264,-0.23035533274896094,0.25945832769337207,-0.007681167910040679,-0.24586576861954285,0.23675603890049202,1.2662051764021678,1.150405069915952,1.3607449233613405,IC50,cv1,B0,regression,,,,,,,
B*15:01,182,-0.20240192269711804,-0.34693132136621296,-0.05831752892036665,-0.17821670063560896,-0.31295955401531095,-0.043087847788653474,1.3749222603256466,1.3194713151067978,1.431640036695061,IC50,cv1,B0,regression,,,,,,,
B*18:01,40,-0.2294553877570278,-0.5092186233646877,0.06461990786477954,-0.06649216678950849,-0.3427052738348171,0.2089349881171969,1.3039450384950182,1.0006830715426671,1.6012120546048687,IC50,cv1,B0,regression,,,,,,,
B*27:05,51,-0.10419509156971264,-0.31129797138553444,0.16955345301769448,-0.05381016165488581,-0.2815914987055786,0.1615236682872237,1.4708796383737097,1.1824423027063724,1.7258655517481585,IC50,cv1,B0,regression,,,,,,,
B*35:01,150,0.027886836183294562,-0.19710403115865743,0.2656938616344165,0.02192604136066592,-0.25347273849636553,0.28238668880008494,1.4176550415507572,1.3102311345791922,1.5251407169945899,IC50,cv1,B0,regression,,,,,,,
B*38:01,22,-0.3237862426424067,-0.7209092181446156,0.14576331998964515,-0.41460486624258036,-0.7181318460296854,-0.0038391146652141015,1.2347625623668013,0.9305497879901408,1.4945677829317279,IC50,cv1,B0,regression,,,,,,,
B*40:01,36,-0.01800248670682333,-0.3288012544420592,0.38013201382855355,-0.053669529439545,-0.3625572934505121,0.2893214045339416,1.2448975025901496,0.9179182009664074,1.5404339936566578,IC50,cv1,B0,regression,,,,,,,
B*40:02,52,0.05764729569740576,-0.19773759794370205,0.3732866310890235,0.04643923773474308,-0.21224866972692033,0.27329878443632666,0.950699792626417,0.7977633299020642,1.1247151276967469,IC50,cv1,B0,regression,,,,,,,
B*44:02,43,-0.2669992969142206,-0.5317471208334222,0.04755887571681785,-0.09809983678949358,-0.4127683648070169,0.2399137657646747,1.0557364658747999,0.9405624518927793,1.1571860944137906,IC50,cv1,B0,regression,,,,,,,
B*44:03,100,0.004450526789036538,-0.21786917117203847,0.1879632630592672,0.07557077385362988,-0.12118709548602205,0.2448297507284131,1.2210973358503736,1.1330503060630783,1.3185408108569894,IC50,cv1,B0,regression,,,,,,,
B*45:01,19,-0.22388258484713935,-0.6708728039514865,0.27141539024437805,-0.23596152051147026,-0.5416351888775263,0.10990812179172939,1.1245062886160115,0.8987417739571424,1.3187714537916428,IC50,cv1,B0,regression,,,,,,,
B*51:01,68,-0.05019732393767496,-0.3040654169969744,0.1744165648026719,-0.07043159720116308,-0.30153821404131287,0.1281548158531825,1.389467250828436,1.2083102918344506,1.6086084766298872,IC50,cv1,B0,regression,,,,,,,
B*53:01,132,0.10587839665646216,-0.08782735095212184,0.2777757396893943,0.05037401485970597,-0.16002212649796774,0.26966529392304156,1.3177755599622842,1.2302123201870707,1.4020555813856872,IC50,cv1,B0,regression,,,,,,,
B*57:01,70,-0.1603776623851511,-0.3810901200206222,0.06975250724698977,-0.08098100162351846,-0.36052789733047447,0.12743656319469057,1.2230750555536765,1.0529299292435557,1.362807931055611,IC50,cv1,B0,regression,,,,,,,
A*01:01,190,0.3264637172454224,0.19407713045596647,0.45760965203239057,0.3599425581908754,0.21331314056627637,0.479523950380703,74.84652384552761,74.07530716951557,75.7299430494491,IC50,cv1,B1,regression,,,,,,,
A*02:01,5260,0.3532885284639326,0.3302411307095097,0.3791953613614017,0.135528331240801,0.10342210646833519,0.17221122792805496,74.58965134331449,74.29198564508485,74.85445720176341,IC50,cv1,B1,regression,,,,,,,
A*03:01,423,0.10892077458133134,0.01536193561206374,0.19606899579484935,0.047198810125347185,-0.02326501331859184,0.11905070662023852,69.06607930079225,68.19374709894491,69.94407293837665,IC50,cv1,B1,regression,,,,,,,
A*11:01,469,0.1944006083703384,0.10415321539253478,0.31413018940568826,0.17458632979086933,0.1123867642424082,0.2477496321400415,67.74240671612954,66.96419148884287,68.57849117763693,IC50,cv1,B1,regression,,,,,,,
A*23:01,29,0.5884672967048438,0.26657968993412323,0.8083601117544236,0.24747092234597706,-0.13066999598353848,0.7751121728838143,76.2891999519835,72.42175783048417,79.76540835346047,IC50,cv1,B1,regression,,,,,,,
A*24:02,587,0.3133507043218269,0.24004346942787252,0.3892985804814652,0.1847587152047437,0.0791814122969603,0.2779976580280196,74.00118804457304,73.22407381600674,74.73856897135319,IC50,cv1,B1,regression,,,,,,,
A*26:01,17,0.7034313725490197,0.3155699461024857,0.9017488886479452,0.7241893198120255,0.43335052465152957,0.9199829088710102,73.69146251004557,70.35793979455926,76.92479251634914,IC50,cv1,B1,regression,,,,,,,
A*29:02,48,0.4256404689535388,0.1751055902148172,0.6035488829232338,0.4260133427993179,0.21106942580621704,0.595581328677823,73.49733610505444,72.01560668718959,75.1099667458811,IC50,cv1,B1,regression,,,,,,,
A*30:01,10,0.01818181818181818,-0.7599560317705915,0.9115141187925994,0.19465709195061737,-0.6956369558099313,0.5371862173028186,63.22392076197093,53.67453557447427,68.56190032076798,IC50,cv1,B1,regression,,,,,,,
A*30:02,31,0.4925899813318507,0.19414202186617582,0.7344401388507242,0.45450852248511686,0.2305557577514841,0.6733103582596675,73.01294320377266,70.66764563756986,75.94111503756012,IC50,cv1,B1,regression,,,,,,,
A*31:01,107,0.12262332516320501,-0.055112203203026115,0.30101368213116425,0.014725195465907812,-0.10565494641253398,0.1392392147075786,74.94689049591993,72.4929223347162,76.58062007864345,IC50,cv1,B1,regression,,,,,,,
A*68:01,78,0.06578506477024035,-0.14001930248198427,0.3085955951275311,0.21033255915317306,0.026985037977491213,0.3829067480698475,67.32789154485995,63.825443032713224,69.55413369723817,IC50,cv1,B1,regression,,,,,,,
A*68:02,2169,0.11849201339118652,0.0703660520838614,0.16001913525896408,0.012863711408058004,-0.029311163799023477,0.05463658814676943,67.68886638073981,67.27025048062384,68.05474827002548,IC50,cv1,B1,regression,,,,,,,
B*07:02,407,0.17066735616501116,0.0570634857315243,0.27115498193691234,0.15420631305087515,0.06559650180421892,0.25053729003369707,67.39420652371903,66.17125668360133,68.71460998062203,IC50,cv1,B1,regression,,,,,,,
B*08:01,81,0.028455284552845524,-0.17909478823758282,0.2621851329526984,0.05568603260607029,-0.21323408357738174,0.2923033451980323,73.93144448252474,72.03129733447746,75.84870766695722,IC50,cv1,B1,regression,,,,,,,
B*15:01,182,0.16064506850346436,0.020833396372803126,0.2851635185388946,-0.014059843135757356,-0.22477144585978687,0.22948762670909814,74.56913066653034,73.36132657501899,75.68388150355423,IC50,cv1,B1,regression,,,,,,,
B*18:01,40,0.36305642893732615,0.07867672833943586,0.5900547345472833,0.40574653004330535,0.20026357773442574,0.5560292529358221,70.99185136408462,68.84350284116277,73.34240045570792,IC50,cv1,B1,regression,,,,,,,
B*27:05,51,0.37597864309938595,0.09763732440148405,0.5776592210689653,0.06301335587897754,-0.1688622364872476,0.49352365563420286,68.63523944248566,66.4598026038902,70.53257834268183,IC50,cv1,B1,regression,,,,,,,
B*35:01,150,0.38438967268094243,0.2093439589807875,0.5204501634639432,0.3535024550021595,0.2002205799825608,0.4756582705845013,72.1794232487363,70.77581813029799,73.29377880660343,IC50,cv1,B1,regression,,,,,,,
B*38:01,22,-0.17334839073969513,-0.5614043824701196,0.26328572805053474,-0.11348350051408658,-0.5485824955315601,0.27962761853832435,73.37862447293719,70.95018742737221,75.71174785654907,IC50,cv1,B1,regression,,,,,,,
B*40:01,36,0.12921492921492922,-0.26794244925048943,0.45436533700331305,0.26555088565519014,-0.26912079985356624,0.5301049623793848,65.24022439929142,62.51196807734482,67.3980190226592,IC50,cv1,B1,regression,,,,,,,
B*40:02,52,0.06855252077662956,-0.23855627146506778,0.36331006304860075,-0.08523820544132063,-0.3573677311056678,0.3525396547099712,68.90969301370998,66.91384997881539,70.98737408686515,IC50,cv1,B1,regression,,,,,,,
B*44:02,43,0.2779581673710286,-0.06474302843776215,0.5755676915515198,0.19263770771670144,-0.08713736566896801,0.4175997718884041,70.70764619666004,68.1314884832999,73.26399209500873,IC50,cv1,B1,regression,,,,,,,
B*44:03,100,0.2913291329132913,0.07854929197123757,0.5079577742243379,0.2369320822695148,0.0440748331130396,0.3985708107277908,68.07520249125673,66.04848255023552,70.04380884592713,IC50,cv1,B1,regression,,,,,,,
B*45:01,19,0.015796403451357504,-0.42647712203789223,0.3991388580469955,-0.06557913831675136,-0.2824136639209642,0.19991266775171262,67.27587676237427,61.80868441668811,70.049687492596,IC50,cv1,B1,regression,,,,,,,
B*51:01,68,-0.14590292249684073,-0.3575995494388037,0.09385505304468675,-0.10216090656524153,-0.3214935561063515,0.12238423945477811,72.42533595592369,70.97545918117788,73.90228132001366,IC50,cv1,B1,regression,,,,,,,
B*53:01,132,0.3984355366316347,0.2471463089784143,0.5252256044420657,0.35559587979765006,0.22340287252922317,0.4899440406989495,73.18125716226412,71.74881635593735,74.35808009779436,IC50,cv1,B1,regression,,,,,,,
B*57:01,70,0.17066321403517382,-0.0641212095734912,0.39980080167153464,0.16862279235349767,-0.0955949235162792,0.38443396390638157,74.59480831866017,72.98007646460148,76.14463323156485,IC50,cv1,B1,regression,,,,,,,
A*01:01,190,0.48348629833643003,0.35949008055290804,0.5863819220741483,0.5131505120143307,0.3852617798816342,0.6126935434468317,1.1845160976663098,1.0873906792566812,1.2970305424576996,IC50,cv1,B2,regression,,,,,,,
A*02:01,5260,0.7718918421220243,0.759179118231419,0.7821899454876018,0.7574371499317141,0.7457782088756736,0.7709261023724432,0.927443042551684,0.9073057773604445,0.947983205180853,IC50,cv1,B2,regression,,,,,,,
A*03:01,423,0.44311758427383163,0.3583078879989462,0.5199376822427011,0.4352339579015541,0.3512111409909896,0.5201449509391196,1.0186840189217479,0.9561357754233842,1.0881833742525757,IC50,cv1,B2,regression,,,,,,,
A*11:01,469,0.6617565953482173,0.5977737103819606,0.7048127719775236,0.650355960048685,0.6052003388132772,0.697953707706089,0.9876209376915938,0.9304876334936885,1.0462823857357892,IC50,cv1,B2,regression,,,,,,,
A*23:01,29,0.758994670791842,0.5445351683661032,0.8795039372710138,0.719927381656269,0.5239769031138156,0.8622533813178151,1.1698837337588945,0.9579270567431831,1.3873682070958915,IC50,cv1,B2,regression,,,,,,,
A*24:02,587,0.36079206153252985,0.2950514831221498,0.4350188321089165,0.3810226954369674,0.30525190652537887,0.46371901394332377,0.958590511885687,0.8993907211291724,1.017407968662098,IC50,cv1,B2,regression,,,,,,,
A*26:01,17,0.42156862745098045,-0.03527992632390557,0.7313896662628963,0.42650543727746376,0.08185256930477565,0.6967522442365924,0.9676414945657177,0.7085714966743336,1.1842447399947984,IC50,cv1,B2,regression,,,,,,,
A*29:02,48,0.6724924012158054,0.41584003561927674,0.8006067429134021,0.6732826975659737,0.5379702844123478,0.7988223493992692,1.1548377985439215,0.8909861526597787,1.3938869837738654,IC50,cv1,B2,regression,,,,,,,
A*30:01,10,0.5393939393939393,0.03920804794520548,0.973684210526316,0.7514772531341475,-0.12035155997947815,0.9530623798981054,0.9335523310527225,0.635038427041232,1.1434572145404938,IC50,cv1,B2,regression,,,,,,,
A*30:02,31,0.7297106600245468,0.4822045806537605,0.8446568600516531,0.6460040496818414,0.48951672258994217,0.8039175671892201,0.997894119372646,0.7727978390137544,1.2636104304514761,IC50,cv1,B2,regression,,,,,,,
A*31:01,107,0.4958181386262118,0.35010279548409867,0.6219395193003698,0.4855478322811073,0.3411412244067483,0.6204348421475172,0.835021058379476,0.7217337494800712,0.9514886986009249,IC50,cv1,B2,regression,,,,,,,
A*68:01,78,0.7353625534870584,0.6136640406818518,0.8062963514296341,0.7033093307204198,0.6106943155146235,0.7922217648129004,0.8862292475181559,0.7748059297890738,1.016604768315842,IC50,cv1,B2,regression,,,,,,,
A*68:02,2169,0.6067524064072463,0.5738469281025936,0.6355148844276172,0.6242285109364387,0.5925530508443299,0.6529930265604686,0.9397985833658768,0.9017846035974911,0.9698319914630305,IC50,cv1,B2,regression,,,,,,,
B*07:02,407,0.5977616873618065,0.5236584197622504,0.6774041756464169,0.5797385070314925,0.5086464562844033,0.6495246756534543,1.10930518673526,1.0367158292715999,1.1791184161408506,IC50,cv1,B2,regression,,,,,,,
B*08:01,81,0.13995031616982836,-0.13576080854782716,0.3651530276879056,0.16304686539181848,-0.11256982137917261,0.44870843494617757,1.1684340185858453,0.948255917897164,1.4077546267767218,IC50,cv1,B2,regression,,,,,,,
B*15:01,182,0.25906735235600375,0.1274917291978584,0.37994363750719534,0.26442122343999075,0.127532702269004,0.3931853833261776,0.5046653952235605,0.4563399469953284,0.5550996628301287,IC50,cv1,B2,regression,,,,,,,
B*18:01,40,0.34401238369849485,-0.0012885340228923094,0.6052864832366448,0.34124850941033735,0.07035377861463105,0.5933793251796392,1.2120182127817998,0.9333691940024617,1.4649222135239397,IC50,cv1,B2,regression,,,,,,,
B*27:05,51,0.44082907588241677,0.20240441022602593,0.6138924193571975,0.42902196934241765,0.2106006737474507,0.6123467799249462,1.2504923544780806,1.1091512388717701,1.4208039929742085,IC50,cv1,B2,regression,,,,,,,
B*35:01,150,0.6619643037224879,0.5630108035799621,0.7469619068960556,0.6511907947532389,0.5158536325969338,0.7433692147809989,1.0560856024522918,0.936297626861155,1.1548744943334148,IC50,cv1,B2,regression,,,,,,,
B*38:01,22,-0.05590062111801244,-0.5053172958610298,0.4587700149904576,0.0007383253773011501,-0.3850030019611794,0.4652547098564984,1.217945910394837,0.9054997012785309,1.477488471800634,IC50,cv1,B2,regression,,,,,,,
B*40:01,36,0.1927927927927928,-0.1674509231168983,0.48897971036099563,0.2709211119519323,-0.0857193345194828,0.5688352039786231,1.1414583063327735,0.9317032282004518,1.3567112717434775,IC50,cv1,B2,regression,,,,,,,
B*40:02,52,0.0020067889795686625,-0.2975102504072873,0.2717473251097904,0.016323486558215722,-0.24899415332213432,0.2821303914265531,0.9437334596128328,0.7930385186365019,1.0783677928413358,IC50,cv1,B2,regression,,,,,,,
B*44:02,43,0.3194140309642627,0.012352571640678222,0.5597981479105408,0.32802675205725323,0.059963132522909864,0.5350243294963892,1.0199513321473805,0.8877297175710033,1.1577372622345548,IC50,cv1,B2,regression,,,,,,,
B*44:03,100,0.4013345414686204,0.18159875556404612,0.5813518171614472,0.38312447000584005,0.22571698661740217,0.5478240548093878,0.9530476928043271,0.8285288931960284,1.0654785765720305,IC50,cv1,B2,regression,,,,,,,
B*45:01,19,0.10794209025094292,-0.517799680836866,0.5238207375737315,-0.024445876385048977,-0.4725348032643521,0.44241727254212654,1.127055833530701,0.8152673246113967,1.4962846531309235,IC50,cv1,B2,regression,,,,,,,
B*51:01,68,0.004733637464575681,-0.24161439863454542,0.2097438972354165,-0.030619711288585656,-0.25602837102549514,0.2010240065868417,1.0606742970647087,0.8657078477811516,1.2460051720112788,IC50,cv1,B2,regression,,,,,,,
B*53:01,132,0.6014432060230442,0.4867573546955335,0.6926008231125664,0.5700522656298819,0.45195575704935664,0.6709255771443569,0.9937377121808617,0.8929926937479784,1.0889217665363653,IC50,cv1,B2,regression,,,,,,,
B*57:01,70,0.4838898756773392,0.2479221002664576,0.6662615454608858,0.4700232790882266,0.28473051538057803,0.6527990381918828,0.963173026443384,0.7516590782002501,1.1317363120638746,IC50,cv1,B2,regression,,,,,,,
A*01:01,190,0.4505756799568893,0.3158364392315444,0.5585674466730187,0.47339428859155147,0.34239506027990907,0.5868634143207274,1.2168341088923291,1.1068195525293825,1.3341435572694447,IC50,cv1,B3,regression,,,,,,,
A*02:01,5260,0.7377765153507878,0.7232224544622469,0.7496380809743859,0.7276554403021216,0.7156232328928596,0.7431065905432269,0.9745864179389578,0.9525412799972125,0.9957238070222497,IC50,cv1,B3,regression,,,,,,,
A*03:01,423,0.36424095367802406,0.2791836590235676,0.4431498103020999,0.3681021637961081,0.28590967319067623,0.4491279922518472,1.0577215991110445,0.9962540851738156,1.1258227419659501,IC50,cv1,B3,regression,,,,,,,
A*11:01,469,0.5849393880125741,0.5174332540852973,0.6368758774394105,0.584227296472805,0.5262527685521907,0.6374540755426873,1.0541934929098116,0.9945992666163855,1.1176777246751706,IC50,cv1,B3,regression,,,,,,,
A*23:01,29,0.6688024469250191,0.3967225314467299,0.8564344269346252,0.6396008280620507,0.3168224927694508,0.8128894361998636,1.2085526233165569,0.9490240918227353,1.4726461770968005,IC50,cv1,B3,regression,,,,,,,
A*24:02,587,0.3291610445486522,0.26015295971377017,0.4006372800292104,0.36407117273796963,0.27718421905482615,0.44035740096995185,0.969210028977788,0.9102547446015641,1.026297183096203,IC50,cv1,B3,regression,,,,,,,
A*26:01,17,0.5588235294117647,0.10729961722444067,0.8605733695652173,0.6224388470726422,0.2666816441495401,0.8617854723444209,0.8640893838598399,0.591177799204472,1.101379460232774,IC50,cv1,B3,regression,,,,,,,
A*29:02,48,0.6094224924012158,0.2947617275681054,0.7792314538706483,0.6130831216774302,0.41629640537416696,0.7458358393928732,1.2282470380088633,0.96572242374357,1.4676370319555845,IC50,cv1,B3,regression,,,,,,,
A*30:01,10,0.2606060606060606,-0.47424860794735507,0.825253164556961,0.6036962279183145,-0.4623792028267855,0.9012573812110598,0.9042586795082801,0.6561950997982446,1.1384605034851933,IC50,cv1,B3,regression,,,,,,,
A*30:02,31,0.6845448164640332,0.3984938144632108,0.8594806449351471,0.6509026706608615,0.45831590744534323,0.8166408410901878,1.0131721929872954,0.8177784422393971,1.2407310570322745,IC50,cv1,B3,regression,,,,,,,
A*31:01,107,0.42126222413923664,0.2412934772513384,0.5647519081241652,0.3867846930606753,0.25558588372787977,0.525225063250265,0.8859853422788385,0.7830786596980851,1.0025668850959901,IC50,cv1,B3,regression,,,,,,,
A*68:01,78,0.6062115886066035,0.4333171564659945,0.7316896770997161,0.5874642028589427,0.44845092765839517,0.7199892159369846,0.9957685171914037,0.8444331253793815,1.1508183225667643,IC50,cv1,B3,regression,,,,,,,
A*68:02,2169,0.566066223116159,0.531470964158555,0.5980480518069855,0.576668371458751,0.5419256969346796,0.6076605903959474,0.9833603337981293,0.9422934560738543,1.0180637035134656,IC50,cv1,B3,regression,,,,,,,
B*07:02,407,0.5612871676453943,0.4906700328959716,0.634330274632555,0.5431687720075515,0.4585298580040293,0.6114029665976459,1.142717321280248,1.0690111111111418,1.2220748161465744,IC50,cv1,B3,regression,,,,,,,
B*08:01,81,0.056052393857271905,-0.23710151437367658,0.3095819138923916,0.09620112072484868,-0.1759058744807301,0.3744287619067461,1.1798860768887345,0.9743219597820355,1.4000680806749846,IC50,cv1,B3,regression,,,,,,,
B*15:01,182,0.1521133517329514,0.016950849159645055,0.2820607961355664,0.16345893470480546,0.007821917082960046,0.3377662842295138,0.5341735023152245,0.4773822715863234,0.5973354344815986,IC50,cv1,B3,regression,,,,,,,
B*18:01,40,0.2864111828283351,-0.07314072564522968,0.5157270293355852,0.287381474900122,0.0356655686681058,0.510369273292167,1.239505453430689,0.983226746247266,1.5238758767971377,IC50,cv1,B3,regression,,,,,,,
B*27:05,51,0.38788071136312435,0.09346697519190832,0.5900808457324764,0.3742886366288628,0.16347226723675884,0.5558659734539828,1.2860420230048983,1.1288269453661883,1.4294425870731995,IC50,cv1,B3,regression,,,,,,,
B*35:01,150,0.6319041234311168,0.5140183611990532,0.725626013249761,0.6333168248125846,0.5178732476153418,0.7325374873676275,1.0722858285642998,0.9544775376793585,1.1763776028681414,IC50,cv1,B3,regression,,,,,,,
B*38:01,22,-0.15866741953698477,-0.5890741495958424,0.382805873678888,-0.1412883217357023,-0.5450792930608528,0.37090696872416634,1.2570807679382543,0.9252087765962159,1.523997032386035,IC50,cv1,B3,regression,,,,,,,
B*40:01,36,0.12277992277992279,-0.2573953417833839,0.4583462367994071,0.21388362436165254,-0.1472261800525277,0.5229114148803427,1.1571535626478002,0.9321515538025035,1.3655881175959517,IC50,cv1,B3,regression,,,,,,,
B*40:02,52,-0.021220726017992027,-0.2653882599709154,0.2536490712058258,-0.00980066445012271,-0.2599664478852854,0.25335499336205536,0.9672364096615962,0.8098900075854719,1.1106569273559295,IC50,cv1,B3,regression,,,,,,,
B*44:02,43,0.02114324554846183,-0.27563652013898765,0.35710576172676667,0.027309567164871772,-0.3212891032142059,0.31928403304922376,1.1383336202500471,0.9845956983110461,1.3089933940953422,IC50,cv1,B3,regression,,,,,,,
B*44:03,100,0.30425442544254416,0.06860271845991606,0.5172340240535166,0.3834537259760059,0.16461354459478494,0.5451442253739222,0.9503895878217864,0.8524258204936307,1.046090120167984,IC50,cv1,B3,regression,,,,,,,
B*45:01,19,0.23957878567892213,-0.3499532120149799,0.6151245713172496,0.31572761059434656,-0.2518692008047053,0.6949045837524453,0.9808219055972853,0.719551513960171,1.2402518219334584,IC50,cv1,B3,regression,,,,,,,
B*51:01,68,-0.007711248127776512,-0.24478801411193568,0.20147221836788956,-0.044271354169823654,-0.272441333852403,0.15422111636298363,1.0594754027228197,0.8462232555449867,1.2574833782999892,IC50,cv1,B3,regression,,,,,,,
B*53:01,132,0.5806535627261494,0.47513899036498874,0.6681445453048442,0.5543570039890424,0.44256644179616833,0.6429113465288036,1.0103608540848628,0.9031178354827203,1.1021537596133164,IC50,cv1,B3,regression,,,,,,,
B*57:01,70,0.457049874618291,0.23622742648746556,0.628036303759984,0.45118517807228203,0.29199423071718295,0.6044353737228642,0.972231453096578,0.7593782879658,1.1421597404590502,IC50,cv1,B3,regression,,,,,,,
A*01:01,190,,,,,,,,,,IC50,cv1,B0,classification,0.4368421052631579,0.4752280148631911,0.39666209468511116,0.5633334753170558,0.41479260696034914,0.34032729587914984,0.5157928114473168
A*02:01,5260,,,,,,,,,,IC50,cv1,B0,classification,0.4711026615969582,0.49823261378781736,0.48231250051419555,0.5145177620085606,0.4718225781888151,0.45424685589858466,0.4909524342171344
A*03:01,423,,,,,,,,,,IC50,cv1,B0,classification,0.30260047281323876,0.4867849576271186,0.4219829701609737,0.5534722298759841,0.3012825850442695,0.24725067774600998,0.3610734971109663
A*11:01,469,,,,,,,,,,IC50,cv1,B0,classification,0.39445628997867804,0.4867339170156072,0.42983857081583227,0.5492726754676726,0.3829534516142039,0.32275056993973283,0.45795538891040216
A*23:01,29,,,,,,,,,,IC50,cv1,B0,classification,0.5172413793103449,0.4666666666666667,0.25512254901960785,0.6642334401709402,0.4924137931034483,0.31363620448179275,0.7398322967263045
A*24:02,587,,,,,,,,,,IC50,cv1,B0,classification,0.22146507666098808,0.5158054199629692,0.4542756198900931,0.5690085455254676,0.2314340171079178,0.18537654946446716,0.2792186333598835
A*26:01,17,,,,,,,,,,IC50,cv1,B0,classification,0.29411764705882354,0.5166666666666666,0.19596153846153846,0.8469426406926406,0.3243137254901961,0.11764705882352941,0.6996265172735749
A*29:02,48,,,,,,,,,,IC50,cv1,B0,classification,0.5833333333333334,0.50625,0.3364176245210728,0.6697108163575554,0.5699404761904762,0.42676621974001006,0.7759992951867951
A*30:01,10,,,,,,,,,,IC50,cv1,B0,classification,0.1,0.33333333333333337,0.0,0.7431818181818179,0.14285714285714285,0.1,0.5799999999999983
A*30:02,31,,,,,,,,,,IC50,cv1,B0,classification,0.41935483870967744,0.5576923076923077,0.34910312640575797,0.7545299145299145,0.45120636187633706,0.2723099025859937,0.7157945883773089
A*31:01,107,,,,,,,,,,IC50,cv1,B0,classification,0.2897196261682243,0.3703310696095076,0.2730355614973262,0.49734554248930124,0.2384598379777861,0.1737305070388734,0.3572173464189715
A*68:01,78,,,,,,,,,,IC50,cv1,B0,classification,0.4230769230769231,0.35959595959595964,0.23742163367323213,0.5101581946846495,0.3572368320820334,0.22628226340208443,0.5617968920101634
A*68:02,2169,,,,,,,,,,IC50,cv1,B0,classification,0.3185799907791609,0.48831389075470627,0.4618818352323301,0.5139319551807239,0.31267598264091645,0.28590180778104585,0.3385364170418517
B*07:02,407,,,,,,,,,,IC50,cv1,B0,classification,0.4176904176904177,0.4590344998758997,0.3914526842079118,0.5239369406715908,0.39236260780511817,0.336030334728031,0.4518295312732503
B*08:01,81,,,,,,,,,,IC50,cv1,B0,classification,0.2962962962962963,0.42397660818713456,0.2760361100268887,0.5814790862918491,0.270935746352413,0.1734882189802805,0.41435970974037756
B*15:01,182,,,,,,,,,,IC50,cv1,B0,classification,0.0,,,,,,
B*18:01,40,,,,,,,,,,IC50,cv1,B0,classification,0.55,0.38257575757575757,0.23435231481481483,0.5604515050167221,0.48954045954045955,0.36204674950871496,0.6899794470762209
B*27:05,51,,,,,,,,,,IC50,cv1,B0,classification,0.5294117647058824,0.46141975308641975,0.31182593521279484,0.6028202479338841,0.5108740998712158,0.38755719971482244,0.693265130260478
B*35:01,150,,,,,,,,,,IC50,cv1,B0,classification,0.3933333333333333,0.4916185509405848,0.35840271150728814,0.6271450439387863,0.39833010795344725,0.2994060563535591,0.5275198656821226
B*38:01,22,,,,,,,,,,IC50,cv1,B0,classification,0.45454545454545453,0.3416666666666667,0.11662878787878789,0.585032051282051,0.4087012987012987,0.22381348814229252,0.6637197871572872
B*40:01,36,,,,,,,,,,IC50,cv1,B0,classification,0.5,0.5802469135802469,0.40238345338135245,0.764802225471085,0.6138888888888888,0.39516665072476653,0.8037168155085479
B*40:02,52,,,,,,,,,,IC50,cv1,B0,classification,0.5384615384615384,0.5171130952380952,0.3540335144927536,0.6859377202424428,0.5527864992150706,0.408628597683182,0.7188840471123079
B*44:02,43,,,,,,,,,,IC50,cv1,B0,classification,0.5348837209302325,0.4010869565217391,0.259096956964604,0.5486219965675057,0.4985106803558043,0.34737487185683813,0.6599777195681817
B*44:03,100,,,,,,,,,,IC50,cv1,B0,classification,0.26,0.4815488565488566,0.3580327783412215,0.5979325526506898,0.2552332857240019,0.15925623629230426,0.36394512622498604
B*45:01,19,,,,,,,,,,IC50,cv1,B0,classification,0.7894736842105263,0.25,0.08156250000000001,0.5253370098039214,0.7267836257309941,0.488801097892007,0.933601189545462
B*51:01,68,,,,,,,,,,IC50,cv1,B0,classification,0.7352941176470589,0.4938888888888889,0.32999858597285064,0.6541466272043408,0.7316229071807165,0.6189549254848227,0.8524896572884918
B*53:01,132,,,,,,,,,,IC50,cv1,B0,classification,0.2878787878787879,0.5762877939529675,0.43615247135171015,0.7064179647922998,0.3500506300630063,0.24135769879655378,0.48508980060108386
B*57:01,70,,,,,,,,,,IC50,cv1,B0,classification,0.24285714285714285,0.3179800221975583,0.19738527097902098,0.45368181818181813,0.19606045086624624,0.10614914050327777,0.32027281587681794
A*01:01,190,,,,,,,,,,IC50,cv1,B1,classification,0.4368421052631579,0.32485080508951697,0.25035390939346713,0.38994236854917236,0.33225037134864266,0.27945509152506026,0.41409127704091797
A*02:01,5260,,,,,,,,,,IC50,cv1,B1,classification,0.4711026615969582,0.3222829628262861,0.3073606671870877,0.33789381920799183,0.3803172830112583,0.3604773074992555,0.4013509596146229
A*03:01,423,,,,,,,,,,IC50,cv1,B1,classification,0.30260047281323876,0.45746822033898304,0.4019106687919027,0.5274942480465391,0.2893278615971458,0.2389569457533846,0.3592921006760809
A*11:01,469,,,,,,,,,,IC50,cv1,B1,classification,0.39445628997867804,0.37801674914350974,0.32094478787635367,0.43796080287751593,0.31311783501218643,0.26779250160410634,0.3782913372214233
A*23:01,29,,,,,,,,,,IC50,cv1,B1,classification,0.5172413793103449,0.16666666666666669,0.015498798076923075,0.35072478991596606,0.42757369300915177,0.25266109083259297,0.6628092650690871
A*24:02,587,,,,,,,,,,IC50,cv1,B1,classification,0.22146507666098808,0.2977529035515907,0.2486715264639655,0.3465942599415884,0.1618900341492203,0.13391445765559254,0.21247650339601418
A*26:01,17,,,,,,,,,,IC50,cv1,B1,classification,0.29411764705882354,0.06666666666666668,0.0,0.2680128205128205,0.19959276018099548,0.0900735294117647,0.43394318100200424
A*29:02,48,,,,,,,,,,IC50,cv1,B1,classification,0.5833333333333334,0.2839285714285714,0.1527349964849965,0.45820095486111106,0.4630420128913778,0.3305562271313035,0.6546178675927661
A*30:01,10,,,,,,,,,,IC50,cv1,B1,classification,0.1,0.0,0.0,0.0,0.1,0.08333333333333333,0.3727272727272725
A*30:02,31,,,,,,,,,,IC50,cv1,B1,classification,0.41935483870967744,0.2606837606837607,0.08483193277310924,0.45519683441558423,0.3212463090227682,0.20301700733774974,0.5536608833528899
A*31:01,107,,,,,,,,,,IC50,cv1,B1,classification,0.2897196261682243,0.5848896434634975,0.43550244662461446,0.7068631806789701,0.3550860743386521,0.24683434015619612,0.5326143075054096
A*68:01,78,,,,,,,,,,IC50,cv1,B1,classification,0.4230769230769231,0.4781144781144781,0.33568726680955785,0.6085404829545453,0.39012779904991246,0.2691445074857951,0.5711588097889078
A*68:02,2169,,,,,,,,,,IC50,cv1,B1,classification,0.3185799907791609,0.44192831083581874,0.416644938160002,0.4732394713144849,0.3027063801724959,0.27822988785485847,0.3327638164871254
B*07:02,407,,,,,,,,,,IC50,cv1,B1,classification,0.4176904176904177,0.4463638620004965,0.3884832738561102,0.5157550826728703,0.37338665193987775,0.3163448988349544,0.4467431819482337
B*08:01,81,,,,,,,,,,IC50,cv1,B1,classification,0.2962962962962963,0.4861111111111111,0.3223706512042819,0.6334872891525599,0.30274118732653343,0.17901818422455246,0.49469323650020847
B*15:01,182,,,,,,,,,,IC50,cv1,B1,classification,0.0,,,,,,
B*18:01,40,,,,,,,,,,IC50,cv1,B1,classification,0.55,0.3762626262626263,0.21710584869675775,0.5621247812626194,0.5007970009124602,0.3667429990896672,0.7432111064537853
B*27:05,51,,,,,,,,,,IC50,cv1,B1,classification,0.5294117647058824,0.36574074074074076,0.20228256704980843,0.5173200899550225,0.536965609944283,0.39506349052581335,0.7234563333147199
B*35:01,150,,,,,,,,,,IC50,cv1,B1,classification,0.3933333333333333,0.33972806854162785,0.2507150481505506,0.447477106227106,0.3125514013998555,0.23341608900318173,0.4290887108418829
B*38:01,22,,,,,,,,,,IC50,cv1,B1,classification,0.45454545454545453,0.5916666666666666,0.3327139037433155,0.8405357142857143,0.5929786441628546,0.3271440596440596,0.8513578678946325
B*40:01,36,,,,,,,,,,IC50,cv1,B1,classification,0.5,0.4722222222222222,0.29019439799331104,0.6771851503759397,0.49062429745599195,0.32479403964276765,0.7476570863125508
B*40:02,52,,,,,,,,,,IC50,cv1,B1,classification,0.5384615384615384,0.4136904761904763,0.2431439393939394,0.5689606524427953,0.512975041913681,0.35031872217690113,0.6870196189207854
B*44:02,43,,,,,,,,,,IC50,cv1,B1,classification,0.5348837209302325,0.3543478260869566,0.20883467023172905,0.5061595022624434,0.451765348406511,0.3245602015870869,0.6269066701869299
B*44:03,100,,,,,,,,,,IC50,cv1,B1,classification,0.26,0.2895010395010395,0.19032006920415223,0.3898553719008265,0.1861143545209205,0.13046711772991915,0.2768774890376931
B*45:01,19,,,,,,,,,,IC50,cv1,B1,classification,0.7894736842105263,0.5333333333333333,0.23426470588235293,0.8717948717948718,0.845682324498114,0.6386120959650371,0.9856593406593406
B*51:01,68,,,,,,,,,,IC50,cv1,B1,classification,0.7352941176470589,0.5622222222222223,0.39880218173639226,0.7188851773226774,0.7669093494931917,0.6624283150838407,0.8902810858439285
B*53:01,132,,,,,,,,,,IC50,cv1,B1,classification,0.2878787878787879,0.33650615901455766,0.2483580578786672,0.4387303958177745,0.21500665947699354,0.1561226590103003,0.29765002703330284
B*57:01,70,,,,,,,,,,IC50,cv1,B1,classification,0.24285714285714285,0.4006659267480577,0.24176042639277934,0.5410494652406417,0.20605499923044301,0.12186297837518952,0.36042092156679106
A*01:01,190,,,,,,,,,,IC50,cv1,B2,classification,0.4368421052631579,0.700033779979732,0.6283428777369715,0.7641957972486264,0.6038163930578528,0.4968586518551891,0.7327279309141324
A*02:01,5260,,,,,,,,,,IC50,cv1,B2,classification,0.4711026615969582,0.8899973976601571,0.881645172917286,0.8982338794242353,0.86666344175849,0.8519188769463432,0.8813967080649322
A*03:01,423,,,,,,,,,,IC50,cv1,B2,classification,0.30260047281323876,0.7175582627118645,0.6541974395507173,0.766693641400704,0.5248027761479425,0.43903219204355803,0.6216576134603209
A*11:01,469,,,,,,,,,,IC50,cv1,B2,classification,0.39445628997867804,0.8419870574800152,0.8026261681229171,0.8742276761857088,0.7695612533417252,0.702870830030617,0.8387743035577886
A*23:01,29,,,,,,,,,,IC50,cv1,B2,classification,0.5172413793103449,0.8428571428571429,0.671875,0.9750919117647058,0.8724935441314752,0.7162499999999999,0.9828151432141483
A*24:02,587,,,,,,,,,,IC50,cv1,B2,classification,0.22146507666098808,0.6950008416091568,0.6421777937524001,0.7482393053719266,0.4112164625279465,0.3303721640877824,0.5033406314032632
A*26:01,17,,,,,,,,,,IC50,cv1,B2,classification,0.29411764705882354,0.8833333333333334,0.6833333333333333,1.0,0.7544444444444445,0.31825396825396823,1.0
A*29:02,48,,,,,,,,,,IC50,cv1,B2,classification,0.5833333333333334,0.8607142857142857,0.7511482007575757,0.9449346405228758,0.9165401864997157,0.8310883282282768,0.972672671829161
A*30:01,10,,,,,,,,,,IC50,cv1,B2,classification,0.1,1.0,1.0,1.0,1.0,1.0,1.0
A*30:02,31,,,,,,,,,,IC50,cv1,B2,classification,0.41935483870967744,0.9529914529914529,0.8249582289055973,1.0,0.9606380241831745,0.85125,1.0
A*31:01,107,,,,,,,,,,IC50,cv1,B2,classification,0.2897196261682243,0.7198641765704583,0.6057299558080809,0.8290597832381897,0.5280786246848516,0.356043502605715,0.695754529562988
A*68:01,78,,,,,,,,,,IC50,cv1,B2,classification,0.4230769230769231,0.9030303030303031,0.8231557765151515,0.9603862732095491,0.8813718409419234,0.774435897151475,0.9534523983503482
A*68:02,2169,,,,,,,,,,IC50,cv1,B2,classification,0.3185799907791609,0.8252792035233595,0.8080949925758707,0.8421900450848426,0.6900685008121027,0.6549482792380449,0.7298935319990013
B*07:02,407,,,,,,,,,,IC50,cv1,B2,classification,0.4176904176904177,0.7788781335318938,0.7300089441441462,0.8305754772609412,0.6758272073082393,0.5891401367669297,0.7555096246216132
B*08:01,81,,,,,,,,,,IC50,cv1,B2,classification,0.2962962962962963,0.5884502923976609,0.444196165856002,0.7401687793761572,0.40668210256467424,0.2593617182442224,0.6074824726704969
B*15:01,182,,,,,,,,,,IC50,cv1,B2,classification,0.0,,,,,,
B*18:01,40,,,,,,,,,,IC50,cv1,B2,classification,0.55,0.6919191919191919,0.5035115571348157,0.845651318378591,0.6486244320186182,0.49189660957615405,0.8880307585928034
B*27:05,51,,,,,,,,,,IC50,cv1,B2,classification,0.5294117647058824,0.6080246913580246,0.4499108778943861,0.7565870218883801,0.6752979882108237,0.5145329579377252,0.8507842619406268
B*35:01,150,,,,,,,,,,IC50,cv1,B2,classification,0.3933333333333333,0.8375861426708884,0.7528249348188168,0.9036495977157561,0.7444851296580455,0.5742669419202447,0.8702810244534056
B*38:01,22,,,,,,,,,,IC50,cv1,B2,classification,0.45454545454545453,0.6000000000000001,0.3461111111111111,0.8217613636363634,0.6228583916083916,0.376217975864715,0.8985253973384224
B*40:01,36,,,,,,,,,,IC50,cv1,B2,classification,0.5,0.5648148148148149,0.36999183006535946,0.7601388888888887,0.6441796763323726,0.385711521794179,0.8430007719171201
B*40:02,52,,,,,,,,,,IC50,cv1,B2,classification,0.5384615384615384,0.5595238095238095,0.4123421717171717,0.7242667356797792,0.6061217361668592,0.461702746286493,0.8061232480763396
B*44:02,43,,,,,,,,,,IC50,cv1,B2,classification,0.5348837209302325,0.6652173913043479,0.46690152519893896,0.8405032679738561,0.729244680468806,0.506935175432881,0.8906138735485138
B*44:03,100,,,,,,,,,,IC50,cv1,B2,classification,0.26,0.7692307692307693,0.6627021193835104,0.8724828042328042,0.4787369663780892,0.3227682836023192,0.733179546707203
B*45:01,19,,,,,,,,,,IC50,cv1,B2,classification,0.7894736842105263,0.5666666666666667,0.12539062500000003,0.8947368421052633,0.8293079418002018,0.590906100732304,0.9905733615702772
B*51:01,68,,,,,,,,,,IC50,cv1,B2,classification,0.7352941176470589,0.6611111111111112,0.5042410714285714,0.7930942376950779,0.8596683869926973,0.7657824153613931,0.9406870835751586
B*53:01,132,,,,,,,,,,IC50,cv1,B2,classification,0.2878787878787879,0.7810750279955206,0.6799979841734173,0.8536933753859257,0.5140249020227197,0.36888559156513223,0.7049394467609462
B*57:01,70,,,,,,,,,,IC50,cv1,B2,classification,0.24285714285714285,0.6159822419533851,0.4530724851086486,0.7533769063180829,0.3179909285791639,0.1705279673414541,0.5676358170239848
A*01:01,190,,,,,,,,,,IC50,cv1,B3,classification,0.4368421052631579,0.6676049994370004,0.5857045244994731,0.7380085730088496,0.5789110680482323,0.47130740611365146,0.7068059461672751
A*02:01,5260,,,,,,,,,,IC50,cv1,B3,classification,0.4711026615969582,0.8729110928144668,0.8639134758836597,0.8818859845024124,0.8420947497163898,0.8257590791431058,0.8577120043492532
A*03:01,423,,,,,,,,,,IC50,cv1,B3,classification,0.30260047281323876,0.6985699152542373,0.6398083273874874,0.7517022199680807,0.514580580343416,0.42470898635404797,0.6107593551879169
A*11:01,469,,,,,,,,,,IC50,cv1,B3,classification,0.39445628997867804,0.816349448039589,0.7704686100559437,0.8479233378842859,0.744499691415979,0.6804916395915711,0.8049199568003154
A*23:01,29,,,,,,,,,,IC50,cv1,B3,classification,0.5172413793103449,0.8476190476190476,0.6746467074592075,0.9740418894830658,0.8847729150873167,0.7298824404761904,0.9794307874665017
A*24:02,587,,,,,,,,,,IC50,cv1,B3,classification,0.22146507666098808,0.6971048645009258,0.6529722699572431,0.7443411544840105,0.4198526772344366,0.3414326688524943,0.5203357836453644
A*26:01,17,,,,,,,,,,IC50,cv1,B3,classification,0.29411764705882354,0.8666666666666667,0.6666666666666666,1.0,0.7116666666666667,0.29365079365079366,1.0
A*29:02,48,,,,,,,,,,IC50,cv1,B3,classification,0.5833333333333334,0.8232142857142857,0.692473506632927,0.928759765625,0.8399058837064644,0.6931360150301596,0.9533837149964419
A*30:01,10,,,,,,,,,,IC50,cv1,B3,classification,0.1,1.0,1.0,1.0,1.0,1.0,1.0
A*30:02,31,,,,,,,,,,IC50,cv1,B3,classification,0.41935483870967744,0.8974358974358975,0.739735294117647,0.9954246411483253,0.903550295857988,0.7673671608781327,0.9900347222222222
A*31:01,107,,,,,,,,,,IC50,cv1,B3,classification,0.2897196261682243,0.6744482173174873,0.5675062364334302,0.7646858921064953,0.4141474240732742,0.2955371579905446,0.6103615165264262
A*68:01,78,,,,,,,,,,IC50,cv1,B3,classification,0.4230769230769231,0.8484848484848484,0.7646697324414715,0.9300780107901148,0.8302367535450887,0.6931808277004242,0.9232766431152482
A*68:02,2169,,,,,,,,,,IC50,cv1,B3,classification,0.3185799907791609,0.8014996602362876,0.7814916652518711,0.8215260414657781,0.6405713231236598,0.6030875568823048,0.6809910753070904
B*07:02,407,,,,,,,,,,IC50,cv1,B3,classification,0.4176904176904177,0.768999751799454,0.7211358642195151,0.8204432973802104,0.6863845428443559,0.6054347302584839,0.7559671118178918
B*08:01,81,,,,,,,,,,IC50,cv1,B3,classification,0.2962962962962963,0.5986842105263157,0.45109289617486337,0.7594632286015679,0.3958889456082607,0.25276389175175284,0.5869611360852702
B*15:01,182,,,,,,,,,,IC50,cv1,B3,classification,0.0,,,,,,
B*18:01,40,,,,,,,,,,IC50,cv1,B3,classification,0.55,0.6136363636363636,0.40611067141538054,0.797275072164144,0.6806316025983912,0.49939450751511405,0.8762907812383965
B*27:05,51,,,,,,,,,,IC50,cv1,B3,classification,0.5294117647058824,0.5972222222222222,0.4255075431034483,0.7406602963766151,0.6446984590975458,0.4509761224656519,0.838335583982226
B*35:01,150,,,,,,,,,,IC50,cv1,B3,classification,0.3933333333333333,0.8049916185509406,0.7135597303051487,0.8808027335426023,0.6972065693239983,0.522497467109125,0.8269378958283884
B*38:01,22,,,,,,,,,,IC50,cv1,B3,classification,0.45454545454545453,0.4333333333333333,0.19256868131868135,0.7337873931623928,0.4822076616194263,0.24284000721500723,0.8313538075486605
B*40:01,36,,,,,,,,,,IC50,cv1,B3,classification,0.5,0.4691358024691358,0.28362037037037036,0.6684823929571827,0.5745362554257127,0.34429962067400594,0.7969818120875513
B*40:02,52,,,,,,,,,,IC50,cv1,B3,classification,0.5384615384615384,0.5029761904761905,0.34452848781653134,0.65234375,0.5357742332710467,0.41836217889688426,0.7333554715311384
B*44:02,43,,,,,,,,,,IC50,cv1,B3,classification,0.5348837209302325,0.5521739130434782,0.37213005339435545,0.7500602617079889,0.5540093977837856,0.4001727807053733,0.7442161350806286
B*44:03,100,,,,,,,,,,IC50,cv1,B3,classification,0.26,0.7884615384615384,0.6863453984287318,0.8753502597620244,0.6577062448565731,0.49475465904418403,0.7988549652731464
B*45:01,19,,,,,,,,,,IC50,cv1,B3,classification,0.7894736842105263,0.55,0.11764705882352941,1.0,0.8224714283537813,0.5793919884828975,1.0
B*51:01,68,,,,,,,,,,IC50,cv1,B3,classification,0.7352941176470589,0.5533333333333335,0.38069957386363634,0.716001724137931,0.7677272948475407,0.6484719531021892,0.9014272909111773
B*53:01,132,,,,,,,,,,IC50,cv1,B3,classification,0.2878787878787879,0.7606382978723404,0.6538723872387239,0.8434344469495115,0.5601408498282627,0.4096192651289207,0.7354973904598152
B*57:01,70,,,,,,,,,,IC50,cv1,B3,classification,0.24285714285714285,0.5760266370699223,0.40413425859854435,0.7396780303030301,0.3998234958617708,0.22728798577499626,0.6835012919569748
A*01:01,190,,,,,,,1.3799578416836935,1.2855015299121895,1.4874949138805988,IC50,cv2,B0,regression,,,,,,,
A*02:01,5260,,,,,,,1.496722250694664,1.4662681436768765,1.5248646548446425,IC50,cv2,B0,regression,,,,,,,
A*03:01,423,,,,,,,1.1748923831505969,1.1201586963449055,1.2408735913178905,IC50,cv2,B0,regression,,,,,,,
A*11:01,469,,,,,,,1.3040486923532384,1.2486752636008582,1.3566180756194788,IC50,cv2,B0,regression,,,,,,,
A*24:02,587,,,,,,,1.243452550415019,1.203945348350184,1.2863247276135577,IC50,cv2,B0,regression,,,,,,,
A*31:01,107,,,,,,,1.0015970156846454,0.8784695021810965,1.1161887099045325,IC50,cv2,B0,regression,,,,,,,
A*68:02,2169,,,,,,,1.217037740062718,1.175478955765819,1.2513719267054129,IC50,cv2,B0,regression,,,,,,,
B*07:02,407,,,,,,,1.3614578909258859,1.2831795620593804,1.4376401697475163,IC50,cv2,B0,regression,,,,,,,
B*15:01,182,,,,,,,1.3957413563545609,1.3398785225117653,1.4524180408084395,IC50,cv2,B0,regression,,,,,,,
B*35:01,150,,,,,,,1.4187519935875925,1.3108587969282752,1.527178121961103,IC50,cv2,B0,regression,,,,,,,
B*44:03,100,,,,,,,1.2250614257488863,1.1360311962291225,1.3225663857195376,IC50,cv2,B0,regression,,,,,,,
B*53:01,132,,,,,,,1.3208260107895156,1.232400812655018,1.4048135026064206,IC50,cv2,B0,regression,,,,,,,
A*01:01,190,0.3264637172454224,0.19407713045596647,0.45760965203239057,0.35994255819087545,0.21331314056627637,0.479523950380703,74.84652384552761,74.07530716951557,75.7299430494491,IC50,cv2,B1,regression,,,,,,,
A*02:01,5260,0.3532885284639326,0.3302411307095097,0.3791953613614017,0.135528331240801,0.10342210646833519,0.17221122792805496,74.58965134331449,74.29198564508485,74.85445720176341,IC50,cv2,B1,regression,,,,,,,
A*03:01,423,0.10892077458133134,0.01536193561206374,0.19606899579484935,0.04719881012534717,-0.02326501331859184,0.11905070662023852,69.06607930079227,68.19374709894491,69.94407293837665,IC50,cv2,B1,regression,,,,,,,
A*11:01,469,0.1944006083703384,0.10415321539253478,0.31413018940568826,0.17458632979086933,0.1123867642424082,0.2477496321400415,67.74240671612954,66.96419148884287,68.57849117763693,IC50,cv2,B1,regression,,,,,,,
A*24:02,587,0.3133507043218269,0.24004346942787252,0.3892985804814652,0.18475871520474368,0.0791814122969603,0.2779976580280196,74.00118804457306,73.22407381600674,74.73856897135319,IC50,cv2,B1,regression,,,,,,,
A*31:01,107,0.12262332516320501,-0.055112203203026115,0.30101368213116425,0.014725195465907826,-0.10565494641253398,0.1392392147075786,74.94689049591992,72.4929223347162,76.58062007864345,IC50,cv2,B1,regression,,,,,,,
A*68:02,2169,0.11849201339118652,0.0703660520838614,0.16001913525896408,0.012863711408058002,-0.029311163799023477,0.05463658814676943,67.6888663807398,67.27025048062384,68.05474827002548,IC50,cv2,B1,regression,,,,,,,
B*07:02,407,0.17066735616501116,0.0570634857315243,0.27115498193691234,0.15420631305087515,0.06559650180421892,0.25053729003369707,67.39420652371903,66.17125668360133,68.71460998062203,IC50,cv2,B1,regression,,,,,,,
B*15:01,182,0.16064506850346436,0.020833396372803126,0.2851635185388946,-0.01405984313575737,-0.22477144585978687,0.22948762670909814,74.56913066653034,73.36132657501899,75.68388150355423,IC50,cv2,B1,regression,,,,,,,
B*35:01,150,0.38438967268094243,0.2093439589807875,0.5204501634639432,0.3535024550021596,0.2002205799825608,0.4756582705845013,72.17942324873628,70.77581813029799,73.29377880660343,IC50,cv2,B1,regression,,,,,,,
B*44:03,100,0.2913291329132913,0.07854929197123757,0.5079577742243379,0.23693208226951473,0.0440748331130396,0.3985708107277908,68.07520249125672,66.04848255023552,70.04380884592713,IC50,cv2,B1,regression,,,,,,,
B*53:01,132,0.3984355366316347,0.2471463089784143,0.5252256044420657,0.35559587979765,0.22340287252922317,0.4899440406989495,73.18125716226412,71.74881635593735,74.35808009779436,IC50,cv2,B1,regression,,,,,,,
A*01:01,190,0.26468899112072436,0.12781212810953999,0.39430147216460754,0.288945325000624,0.15358689544357101,0.4322325905458264,1.459553119608794,1.3108741655523124,1.6222801968167553,IC50,cv2,B2,regression,,,,,,,
A*02:01,5260,0.2985306584842058,0.268587981718482,0.3258548800185577,0.28802094645617526,0.2611994057323494,0.3155787665563107,1.483273761433886,1.4533216958441542,1.5117765496032307,IC50,cv2,B2,regression,,,,,,,
A*03:01,423,0.47013827363161,0.3825918250762709,0.548204215609755,0.47166273113728036,0.3943443329631267,0.5454660709586425,1.0481350996786696,0.9769446855754419,1.1239923531833576,IC50,cv2,B2,regression,,,,,,,
A*11:01,469,0.4319687123713395,0.3447307448495621,0.5127226989802414,0.4410330527215109,0.3433125689310718,0.5170170263437835,1.1845208930020708,1.1132858557509213,1.2526127013024373,IC50,cv2,B2,regression,,,,,,,
A*24:02,587,0.14134627274693104,0.06894281740892359,0.21932790700993052,0.16126414479455398,0.08733165653622843,0.24170492734754218,1.1500705916906162,1.0884760804541966,1.2106534902513755,IC50,cv2,B2,regression,,,,,,,
A*31:01,107,0.24936384275786191,0.019776422101191966,0.4446482479024508,0.2738428215909382,0.04792424357310472,0.4755011872800875,1.1304609011147895,0.9531550198216583,1.3202787508384406,IC50,cv2,B2,regression,,,,,,,
A*68:02,2169,0.23439471571030268,0.19150713253147217,0.26986777320291166,0.24013260558170033,0.20036551295632027,0.2848578128734275,1.367765431452684,1.3253430960933998,1.4082672440693556,IC50,cv2,B2,regression,,,,,,,
B*07:02,407,0.37294033007501376,0.28071568158865484,0.46222222635986543,0.35327297554605175,0.26766682062034847,0.4392118238657353,1.3272715547264313,1.2313624291240013,1.4316580568138748,IC50,cv2,B2,regression,,,,,,,
B*15:01,182,0.22696721809121045,0.0969395066424737,0.35658818864339065,0.24432919597193992,0.12490493788005445,0.3780451866141488,1.0503838207873528,0.9733891465644307,1.1361234109703233,IC50,cv2,B2,regression,,,,,,,
B*35:01,150,0.6049903359501638,0.4950108461498322,0.6954758908075799,0.5852281910496159,0.47933490627935404,0.6768578991621595,1.1534501210648918,1.027837739911959,1.2789089375914515,IC50,cv2,B2,regression,,,,,,,
B*44:03,100,0.38876687668766874,0.17661995031369335,0.5629018402928538,0.4097481476351923,0.2327989382415043,0.5417886928947576,1.0853684742347933,0.9760327284357596,1.2029437742321831,IC50,cv2,B2,regression,,,,,,,
B*53:01,132,0.6538753911514836,0.5405756943995152,0.7389830573399894,0.6192832654776033,0.5127099023663835,0.7149099547666615,1.0864291404603679,0.9656391894099201,1.187554525804598,IC50,cv2,B2,regression,,,,,,,
A*01:01,190,0.25216281838271515,0.11865062688250289,0.37345381118995097,0.2608597929677085,0.11431574908743788,0.4122813763979589,1.4576960692828058,1.3185869255231553,1.6060276592162996,IC50,cv2,B3,regression,,,,,,,
A*02:01,5260,0.28057019799624905,0.2503261118157128,0.3043608898291348,0.2680568827049061,0.24085598818960918,0.29564078259691623,1.4708653010073838,1.4416399519125875,1.4978591631581548,IC50,cv2,B3,regression,,,,,,,
A*03:01,423,0.4867588712847198,0.40626862516813855,0.5629470695319423,0.483860724167271,0.41315726860385726,0.5577591260985058,1.0246929959245223,0.961645906475898,1.0864417208180306,IC50,cv2,B3,regression,,,,,,,
A*11:01,469,0.43236426872810285,0.34951987287088043,0.5164200916789925,0.4384560308912685,0.34600387185602444,0.5089740149681402,1.1846123959831734,1.1133824996554669,1.2508900593817853,IC50,cv2,B3,regression,,,,,,,
A*24:02,587,0.1799587303375183,0.10957835683885153,0.2530111278997096,0.20333983147499443,0.11687989356645961,0.28301934009853896,1.1387051799910284,1.07328779795686,1.1925156970052038,IC50,cv2,B3,regression,,,,,,,
A*31:01,107,0.25109781514656104,0.04680199474836562,0.4353192589844524,0.23527597838834213,0.01672972366504777,0.4011200897120842,1.1747303651705718,1.0269402209530285,1.3449968623830983,IC50,cv2,B3,regression,,,,,,,
A*68:02,2169,0.22519771594128618,0.18072678211751161,0.26322935382120854,0.21934959339485294,0.1764829148108838,0.2652502514854194,1.2998493958035402,1.2569618226531025,1.343917820701094,IC50,cv2,B3,regression,,,,,,,
B*07:02,407,0.4184048694500163,0.32094995775862006,0.4996034644701394,0.4047469094369442,0.3191927974139985,0.48754812741634135,1.2873600556547473,1.191927329406223,1.3930135898456786,IC50,cv2,B3,regression,,,,,,,
B*15:01,182,0.19957282098392506,0.06105283707441566,0.33069790131060106,0.23959982564720048,0.10127305944840019,0.3964545639407457,1.1182044676875549,1.0298001353863204,1.2027098885169352,IC50,cv2,B3,regression,,,,,,,
B*35:01,150,0.622559479477726,0.5061643695567359,0.7125024568472302,0.6084775122368219,0.4866432154916925,0.7123428539514159,1.1212849499454847,1.0121824436483666,1.2379495284320157,IC50,cv2,B3,regression,,,,,,,
B*44:03,100,0.4545814581458145,0.25189845711402864,0.6143599155976818,0.4681401235011298,0.28249120028121916,0.5894318532121835,1.0292198764333222,0.9230904941080063,1.1193168416923303,IC50,cv2,B3,regression,,,,,,,
B*53:01,132,0.6087463349552114,0.4834366702466328,0.7069709940841757,0.5756196701332433,0.45553098972618045,0.6726892329655232,1.1252574931867267,0.9945019395877753,1.2367105485520313,IC50,cv2,B3,regression,,,,,,,
A*01:01,190,,,,,,,,,,IC50,cv2,B0,classification,0.4368421052631579,0.5,0.5,0.5,0.4368421052631579,0.36906064095183266,0.517020725388601
A*02:01,5260,,,,,,,,,,IC50,cv2,B0,classification,0.4711026615969582,0.5,0.5,0.5,0.4711026615969582,0.45451766025394363,0.48771207737769445
A*03:01,423,,,,,,,,,,IC50,cv2,B0,classification,0.30260047281323876,0.5,0.5,0.5,0.30260047281323876,0.25720171998996344,0.34741418997669
A*11:01,469,,,,,,,,,,IC50,cv2,B0,classification,0.39445628997867804,0.5,0.5,0.5,0.39445628997867804,0.3403890901909603,0.45723367713354085
A*24:02,587,,,,,,,,,,IC50,cv2,B0,classification,0.22146507666098808,0.5,0.5,0.5,0.22146507666098808,0.18856653846838667,0.25495791417107627
A*31:01,107,,,,,,,,,,IC50,cv2,B0,classification,0.2897196261682243,0.5,0.5,0.5,0.2897196261682243,0.21359126984126983,0.3971361185983827
A*68:02,2169,,,,,,,,,,IC50,cv2,B0,classification,0.3185799907791609,0.5,0.5,0.5,0.3185799907791609,0.29780458499959156,0.33898477444969877
B*07:02,407,,,,,,,,,,IC50,cv2,B0,classification,0.4176904176904177,0.5,0.5,0.5,0.4176904176904177,0.3609679849709399,0.4691735404235404
B*15:01,182,,,,,,,,,,IC50,cv2,B0,classification,0.0,,,,,,
B*35:01,150,,,,,,,,,,IC50,cv2,B0,classification,0.3933333333333333,0.5,0.5,0.5,0.3933333333333333,0.2871717362554317,0.5046801346801346
B*44:03,100,,,,,,,,,,IC50,cv2,B0,classification,0.26,0.5,0.5,0.5,0.26,0.17339893783192753,0.3495518867924528
B*53:01,132,,,,,,,,,,IC50,cv2,B0,classification,0.2878787878787879,0.5,0.5,0.5,0.2878787878787879,0.20783846153846153,0.37919431541694315
A*01:01,190,,,,,,,,,,IC50,cv2,B1,classification,0.4368421052631579,0.32485080508951697,0.25035390939346713,0.38994236854917236,0.33225037134864266,0.27945509152506026,0.41409127704091797
A*02:01,5260,,,,,,,,,,IC50,cv2,B1,classification,0.4711026615969582,0.3222829628262861,0.3073606671870877,0.33789381920799183,0.3803172830112583,0.3604773074992555,0.4013509596146229
A*03:01,423,,,,,,,,,,IC50,cv2,B1,classification,0.30260047281323876,0.45746822033898304,0.4019106687919027,0.5274942480465391,0.2893278615971458,0.2389569457533846,0.3592921006760809
A*11:01,469,,,,,,,,,,IC50,cv2,B1,classification,0.39445628997867804,0.37801674914350974,0.32094478787635367,0.43796080287751593,0.31311783501218643,0.26779250160410634,0.3782913372214233
A*24:02,587,,,,,,,,,,IC50,cv2,B1,classification,0.22146507666098808,0.2977529035515907,0.2486715264639655,0.3465942599415884,0.1618900341492203,0.13391445765559254,0.21247650339601418
A*31:01,107,,,,,,,,,,IC50,cv2,B1,classification,0.2897196261682243,0.5848896434634975,0.43550244662461446,0.7068631806789701,0.3550860743386521,0.24683434015619612,0.5326143075054096
A*68:02,2169,,,,,,,,,,IC50,cv2,B1,classification,0.3185799907791609,0.44192831083581874,0.416644938160002,0.4732394713144849,0.3027063801724959,0.27822988785485847,0.3327638164871254
B*07:02,407,,,,,,,,,,IC50,cv2,B1,classification,0.4176904176904177,0.4463638620004965,0.3884832738561102,0.5157550826728703,0.37338665193987775,0.3163448988349544,0.4467431819482337
B*15:01,182,,,,,,,,,,IC50,cv2,B1,classification,0.0,,,,,,
B*35:01,150,,,,,,,,,,IC50,cv2,B1,classification,0.3933333333333333,0.33972806854162785,0.2507150481505506,0.447477106227106,0.3125514013998555,0.23341608900318173,0.4290887108418829
B*44:03,100,,,,,,,,,,IC50,cv2,B1,classification,0.26,0.2895010395010395,0.19032006920415223,0.3898553719008265,0.1861143545209205,0.13046711772991915,0.2768774890376931
B*53:01,132,,,,,,,,,,IC50,cv2,B1,classification,0.2878787878787879,0.33650615901455766,0.2483580578786672,0.4387303958177745,0.21500665947699354,0.1561226590103003,0.29765002703330284
A*01:01,190,,,,,,,,,,IC50,cv2,B2,classification,0.4368421052631579,0.6432834140299516,0.5683313157457504,0.7112841857080426,0.5942478669651907,0.49875153875745354,0.7043124865374359
A*02:01,5260,,,,,,,,,,IC50,cv2,B2,classification,0.4711026615969582,0.6387449672139994,0.6212925266403794,0.6570408331207717,0.5829474101450466,0.5573819050061238,0.6095646294618114
A*03:01,423,,,,,,,,,,IC50,cv2,B2,classification,0.30260047281323876,0.7809322033898305,0.7299861955017711,0.8188371238997935,0.6015963122696532,0.5180531691051213,0.6902872605384003
A*11:01,469,,,,,,,,,,IC50,cv2,B2,classification,0.39445628997867804,0.7564331937571374,0.7110806365286364,0.7959555065004991,0.6409358332971018,0.5408369786942002,0.7275702754883917
A*24:02,587,,,,,,,,,,IC50,cv2,B2,classification,0.22146507666098808,0.5528193906749705,0.506216414414444,0.5995334615247974,0.274762837520702,0.21386411445528608,0.35504866730583623
A*31:01,107,,,,,,,,,,IC50,cv2,B2,classification,0.2897196261682243,0.6561969439728353,0.5321030544854155,0.7529810475668909,0.4192984238302052,0.29166227792907007,0.5967519839332772
A*68:02,2169,,,,,,,,,,IC50,cv2,B2,classification,0.3185799907791609,0.6282475829777402,0.6024354446623654,0.6544677771780176,0.4272722351748769,0.3940998181983197,0.46877403531812845
B*07:02,407,,,,,,,,,,IC50,cv2,B2,classification,0.4176904176904177,0.7147431124348473,0.6501198965784923,0.7652964613461681,0.6545697790466911,0.5628095297960303,0.7371541723655106
B*15:01,182,,,,,,,,,,IC50,cv2,B2,classification,0.0,,,,,,
B*35:01,150,,,,,,,,,,IC50,cv2,B2,classification,0.3933333333333333,0.829763456882101,0.7627332007073386,0.8893335353237888,0.7414712895630367,0.5889408897812763,0.8625852611153523
B*44:03,100,,,,,,,,,,IC50,cv2,B2,classification,0.26,0.8700623700623701,0.8066379187091504,0.934931293612453,0.6393117671113054,0.48032015511400955,0.840489164067128
B*53:01,132,,,,,,,,,,IC50,cv2,B2,classification,0.2878787878787879,0.8457446808510638,0.7522623424369748,0.9142004915173617,0.7326516179151148,0.5922254550145385,0.8582658350192356
A*01:01,190,,,,,,,,,,IC50,cv2,B3,classification,0.4368421052631579,0.6404684157189506,0.5693715644152398,0.714660241455769,0.557733929418103,0.4661776250366313,0.6745210223043836
A*02:01,5260,,,,,,,,,,IC50,cv2,B3,classification,0.4711026615969582,0.6198953377790697,0.6010777722580888,0.6357396010424244,0.5675513669105501,0.5443766463797726,0.5914163588775225
A*03:01,423,,,,,,,,,,IC50,cv2,B3,classification,0.30260047281323876,0.7552436440677966,0.7004010168551104,0.8104441698152359,0.5549442490077884,0.4721977558296167,0.6468634436032532
A*11:01,469,,,,,,,,,,IC50,cv2,B3,classification,0.39445628997867804,0.75114198705748,0.7016577367986874,0.7962086998206266,0.6173204165294711,0.5267783572723593,0.7086736206759128
A*24:02,587,,,,,,,,,,IC50,cv2,B3,classification,0.22146507666098808,0.6004713011277563,0.5539425822159946,0.6446420439476265,0.29078492651391896,0.23222667713438314,0.37321132407743507
A*31:01,107,,,,,,,,,,IC50,cv2,B3,classification,0.2897196261682243,0.5428692699490663,0.43098514600824867,0.654289641092723,0.3069159517805712,0.2179642921607248,0.4377122757906376
A*68:02,2169,,,,,,,,,,IC50,cv2,B3,classification,0.3185799907791609,0.6250780869050954,0.5957829588761933,0.6496901948747931,0.41527728208434284,0.38375758081779254,0.45568932477370727
B*07:02,407,,,,,,,,,,IC50,cv2,B3,classification,0.4176904176904177,0.7289401836684041,0.6767443299983779,0.7799884613733291,0.667533728285687,0.5734964738015167,0.7428393827285883
B*15:01,182,,,,,,,,,,IC50,cv2,B3,classification,0.0,,,,,,
B*35:01,150,,,,,,,,,,IC50,cv2,B3,classification,0.3933333333333333,0.8049916185509406,0.7347847680329959,0.8753275688863376,0.6915055132612261,0.5151422071360252,0.8281835877550096
B*44:03,100,,,,,,,,,,IC50,cv2,B3,classification,0.26,0.9012474012474012,0.8405801114474408,0.954185763958587,0.729739080998551,0.5126434517910478,0.897070574882895
B*53:01,132,,,,,,,,,,IC50,cv2,B3,classification,0.2878787878787879,0.8115901455767078,0.7082771650326798,0.887554473742277,0.6424483314010526,0.4639160567984546,0.7993090335589379
A*01:01,49,,,,,,,1.4053597258356707,1.2283988012849447,1.5576568026066953,IC50,cv3,B0,regression,,,,,,,
A*02:01,1124,,,,,,,1.5342850682446638,1.4642308567852689,1.6026249598696327,IC50,cv3,B0,regression,,,,,,,
A*03:01,93,,,,,,,1.1968898182434609,1.0509029686568652,1.3506668048573025,IC50,cv3,B0,regression,,,,,,,
A*11:01,111,,,,,,,1.3947129159557698,1.267619185043635,1.5244512931760428,IC50,cv3,B0,regression,,,,,,,
A*24:02,102,,,,,,,1.2579418485497862,1.1627168340891847,1.3547324837261143,IC50,cv3,B0,regression,,,,,,,
A*31:01,15,,,,,,,1.2425778822067683,0.9211564436573924,1.5458869438624956,IC50,cv3,B0,regression,,,,,,,
A*68:02,430,,,,,,,1.2694949082369749,1.1783905462434892,1.3739672253828443,IC50,cv3,B0,regression,,,,,,,
B*07:02,70,,,,,,,1.381695423757575,1.213487941489257,1.576319916852603,IC50,cv3,B0,regression,,,,,,,
B*08:01,17,,,,,,,1.3743962364005124,1.1532051723071866,1.589459717815638,IC50,cv3,B0,regression,,,,,,,
B*15:01,44,,,,,,,1.3386336853701895,1.2474548149791416,1.4438390542655886,IC50,cv3,B0,regression,,,,,,,
B*35:01,35,,,,,,,1.2507670937703421,1.0188435479481908,1.440433170765688,IC50,cv3,B0,regression,,,,,,,
B*40:01,13,,,,,,,1.0766693512079466,0.6822043616955376,1.4596013483518575,IC50,cv3,B0,regression,,,,,,,
B*40:02,12,,,,,,,0.8277210552605946,0.49697444009418484,1.093205739204522,IC50,cv3,B0,regression,,,,,,,
B*44:03,21,,,,,,,1.2210516719075677,1.010223791327612,1.4226803144723505,IC50,cv3,B0,regression,,,,,,,
B*51:01,19,,,,,,,1.5897855140363544,1.192536731404725,2.0112920246222417,IC50,cv3,B0,regression,,,,,,,
B*53:01,26,,,,,,,1.400753755191527,1.2447142301660317,1.543958350340997,IC50,cv3,B0,regression,,,,,,,
B*57:01,16,,,,,,,1.135819189780339,0.8798105372517716,1.3766848587514822,IC50,cv3,B0,regression,,,,,,,
A*01:01,49,0.23774047171827045,-0.08374783971900786,0.5751804225339989,0.2964012208846272,-0.09612919037003788,0.5205656583249341,76.35797997998364,74.57751751812337,78.3801091187165,IC50,cv3,B1,regression,,,,,,,
A*02:01,1124,0.33285058002157003,0.28545199864731535,0.38590306599425445,0.13107747242007617,0.08061282040819806,0.18953792130348404,74.66397624611892,74.08600336836174,75.22266892059676,IC50,cv3,B1,regression,,,,,,,
A*03:01,93,0.10474563380634146,-0.16012094185251866,0.31232704869723715,0.018507144757487368,-0.11175097261081761,0.2743264638987908,68.59813732648725,66.08485362286915,70.53680188821772,IC50,cv3,B1,regression,,,,,,,
A*11:01,111,0.05054888161726397,-0.13670773377351889,0.25239205948778537,0.1257077532560308,-0.00017663063714763337,0.2986418920462197,68.37202095425259,66.59620405337809,70.20683856200989,IC50,cv3,B1,regression,,,,,,,
A*24:02,102,0.3922115226942455,0.1998868129100099,0.5675926565875965,0.10520618625419861,-0.19297599570367147,0.42435579257650397,73.4316783633118,71.43982337980877,75.38804758977884,IC50,cv3,B1,regression,,,,,,,
A*31:01,15,0.11260058115553975,-0.49389213346099553,0.6923805832717734,0.058663100105918284,-0.4445626641195642,0.5544550300304649,66.52907771685555,61.248757873411456,72.13498447474105,IC50,cv3,B1,regression,,,,,,,
A*68:02,430,0.04681794277058127,-0.04749752220085454,0.1499980313857751,0.03414222618245498,-0.05894090375682018,0.12386621491049078,67.8845406530218,66.90278264532414,68.84823601400252,IC50,cv3,B1,regression,,,,,,,
B*07:02,70,0.13957681280065554,-0.12476573062579537,0.3606939994101386,0.13145009535229238,-0.12497163933741481,0.3619821216699886,67.05083636599072,65.47480705203441,68.79209150713982,IC50,cv3,B1,regression,,,,,,,
B*08:01,17,-0.20833333333333337,-0.6678557838660578,0.29677888604002456,-0.2543091980929263,-0.5653239158823692,0.004984205000013062,75.59940465318464,71.62549977583183,79.99417722190948,IC50,cv3,B1,regression,,,,,,,
B*15:01,44,0.13671599718111346,-0.1705680626830389,0.45198881929533513,0.08778200642036382,-0.14522639920751368,0.3818520045028105,76.81309495230715,75.39096608066568,78.49980100101315,IC50,cv3,B1,regression,,,,,,,
B*35:01,35,0.21415562371199595,-0.19762066985697704,0.5348407477871105,0.2953305305232228,-0.08553523801960555,0.5073414812900378,72.04267795449573,68.04552117080709,74.40080340409762,IC50,cv3,B1,regression,,,,,,,
B*40:01,13,0.07692307692307691,-0.7215653283824554,0.5747358411894518,-0.06456760147169219,-0.692604735959045,0.4607549201861351,67.00757741519989,64.89551087642482,68.72690435097635,IC50,cv3,B1,regression,,,,,,,
B*40:02,12,-0.0875658085422933,-0.7423326001955034,0.506230734556547,-0.04481188578106192,-0.5912997590455833,0.4598236312984315,68.68229822030662,63.88628204043691,74.45241775492573,IC50,cv3,B1,regression,,,,,,,
B*44:03,21,-0.01818181818181818,-0.39981106367517494,0.437247955410648,0.18865342892785503,-0.24037245555951975,0.4407840104087298,69.3324135175102,63.98743101958202,74.03485104660567,IC50,cv3,B1,regression,,,,,,,
B*51:01,19,-0.487719298245614,-0.7501098655298545,-0.08424399487457074,-0.46221672271261616,-0.748093162219201,-0.2208074963474327,73.884091754772,70.7570226883624,76.39942507079225,IC50,cv3,B1,regression,,,,,,,
B*53:01,26,0.32717948717948714,-0.0849924136189912,0.6050861543920396,0.26394882836531086,-0.042370763601472225,0.5062185012487505,72.33466872254179,68.58371370617834,76.13111564479021,IC50,cv3,B1,regression,,,,,,,
B*57:01,16,-0.5489331876101552,-0.8362665850285085,-0.06389057550423019,-0.45683316752976366,-0.828290274092259,-0.05652680256588502,74.70133196814956,71.8299801827097,77.64659455702768,IC50,cv3,B1,regression,,,,,,,
A*01:01,49,0.1110855985566328,-0.13957322019033494,0.3679872244177432,0.1098464095934496,-0.20655685793731993,0.3991856226559932,1.580588965222661,1.3217569088037115,1.8586063698390558,IC50,cv3,B2,regression,,,,,,,
A*02:01,1124,0.27612469499524095,0.21642103252732497,0.3208577410993631,0.2704064032409932,0.21522587544648022,0.3232900519205556,1.5238890038347594,1.4515967126489124,1.5911859877097987,IC50,cv3,B2,regression,,,,,,,
A*03:01,93,0.5233505416132015,0.3456968235499014,0.6705187954571962,0.522026995471943,0.37911971142902073,0.6219702679629429,1.0571281284323173,0.9362428313581393,1.190399385229376,IC50,cv3,B2,regression,,,,,,,
A*11:01,111,0.1174457480367088,-0.09661310320447171,0.37055974711426454,0.10069655165509078,-0.1457751915329431,0.4163600956577808,1.5973597541598914,1.2828098822573053,1.920459622369794,IC50,cv3,B2,regression,,,,,,,
A*24:02,102,0.1520884812638888,-0.07163165605331608,0.3410711772121274,0.1419634054770323,-0.11178535353358095,0.35443720504936194,1.2504244971616536,1.069275013437659,1.4052829975315435,IC50,cv3,B2,regression,,,,,,,
A*31:01,15,0.6285714285714286,0.1665482052990268,0.8978981238073632,0.6453085509747534,0.31451485243454047,0.8841308746778346,1.0906567764366368,0.9165986331173863,1.2156713415856473,IC50,cv3,B2,regression,,,,,,,
A*68:02,430,0.13099564344301884,0.031381885682254036,0.23889604266266143,0.11535960225486583,0.011532361667461102,0.1997108535080881,1.530197957171836,1.419044555448459,1.6347308639095814,IC50,cv3,B2,regression,,,,,,,
B*07:02,70,0.4790724355088131,0.2976700197962513,0.6237746151279984,0.42526777421339723,0.26962338083384013,0.5680244466998094,1.2523661474010843,0.979039123375586,1.4853353228552244,IC50,cv3,B2,regression,,,,,,,
B*08:01,17,0.3186274509803922,-0.11221092667809264,0.6495008036597427,0.2850616431652693,-0.05995874184872738,0.5744483097729219,1.2436250037567727,0.9843210334653172,1.495843103771416,IC50,cv3,B2,regression,,,,,,,
B*15:01,44,0.1919661733615222,-0.14592026614113437,0.528221430511643,0.10746974161747624,-0.13099652572742526,0.33239382835510356,1.2510159380452848,1.0229233061868603,1.4908797110896244,IC50,cv3,B2,regression,,,,,,,
B*35:01,35,0.23644014214799555,-0.14244271663057226,0.5103480830590745,0.337743457422473,0.022499002494502665,0.5695837621151945,1.2115852840196817,0.9049771146592741,1.4542689582298083,IC50,cv3,B2,regression,,,,,,,
B*40:01,13,-0.17032967032967034,-0.7587490165224233,0.3860148383677789,-0.1367094443519729,-0.7397626020788719,0.3602267678641656,1.3156110814523223,0.8517222265886373,1.7884047828826246,IC50,cv3,B2,regression,,,,,,,
B*40:02,12,0.0770579115172181,-0.596808510638298,0.635907621086907,-0.05320509530028711,-0.5276331595845876,0.4245476726929828,1.196064916942777,0.811208560801932,1.492709355939049,IC50,cv3,B2,regression,,,,,,,
B*44:03,21,0.04675324675324675,-0.396966811577476,0.5027298267747926,0.13595320403981778,-0.2328283186324825,0.5630784232921086,1.272403391230227,0.8952779337300517,1.616740710891095,IC50,cv3,B2,regression,,,,,,,
B*51:01,19,-0.15263157894736842,-0.5989695097583263,0.3631340628020044,-0.11783998464789061,-0.523290045558457,0.2678156864496451,1.3718656656506307,0.9831875043740377,1.7406232967727733,IC50,cv3,B2,regression,,,,,,,
B*53:01,26,0.4092307692307692,-0.01759218630969695,0.7045296714752187,0.43293723093665315,-0.011375062936312574,0.7040651705277309,1.2152675423313495,0.9475805464011247,1.5441481819198535,IC50,cv3,B2,regression,,,,,,,
B*57:01,16,0.36350267383299817,-0.1458360656847668,0.8151755626909035,0.4096776720565243,-0.0768816127961761,0.758323245609966,0.8420546876494244,0.66893901981046,1.0294535236601026,IC50,cv3,B2,regression,,,,,,,
A*01:01,49,0.1759408102082085,-0.12029034142402102,0.480205316359371,0.15484592844789488,-0.1971662487350581,0.4818831623497935,1.5284897105670494,1.2683977882841002,1.7993537679602993,IC50,cv3,B3,regression,,,,,,,
A*02:01,1124,0.26320449677871904,0.2057241244258276,0.3130152674255691,0.2560676507280025,0.20190244849677563,0.3110550092727339,1.517753905937259,1.4500458041034496,1.5810912338224927,IC50,cv3,B3,regression,,,,,,,
A*03:01,93,0.49358419623407235,0.32420047363279336,0.6416635530301982,0.4756422529906416,0.3453768254529823,0.5911015058584217,1.0796045078165972,0.9540670442191582,1.2192724250190587,IC50,cv3,B3,regression,,,,,,,
A*11:01,111,0.23444835424168914,0.008889394260766516,0.4865958000276206,0.1896626077803425,-0.05204429959532921,0.4886742307781077,1.4335606872203701,1.1781635489768405,1.6848905501366347,IC50,cv3,B3,regression,,,,,,,
A*24:02,102,0.27006349978230265,0.08248973046561531,0.44562225145346535,0.2526946266813589,0.04111516800400904,0.436065252867778,1.1649698156182602,1.0001914243856271,1.2992000877282877,IC50,cv3,B3,regression,,,,,,,
A*31:01,15,0.532142857142857,-0.046205357142857145,0.8721821922749031,0.5389118312522986,0.1582093226136252,0.8672546229742268,1.0969213616372924,0.9263734051750927,1.2392531896470342,IC50,cv3,B3,regression,,,,,,,
A*68:02,430,0.1215540584345707,0.016287619215487582,0.22621211988793133,0.08342743633853132,-0.02682420408594432,0.17661545281948784,1.4621080384281708,1.3383150423088248,1.5739395303412236,IC50,cv3,B3,regression,,,,,,,
B*07:02,70,0.5703609980928912,0.3636259921471948,0.687345332652587,0.46610223410124546,0.3425185582746595,0.6337316122270188,1.203520138179953,0.9652612248677679,1.4224965066549686,IC50,cv3,B3,regression,,,,,,,
B*08:01,17,0.09803921568627452,-0.34324933812405445,0.5467788024781445,0.026635375030298857,-0.35764451301757116,0.5094009109522075,1.3810330281938552,1.0821838869820242,1.6590234459304243,IC50,cv3,B3,regression,,,,,,,
B*15:01,44,0.06666666666666667,-0.21023469812781045,0.3619668210689438,0.043121651854371446,-0.23050727892439704,0.29872098382233625,1.2827343157027178,1.0541266693943412,1.5176917514008816,IC50,cv3,B3,regression,,,,,,,
B*35:01,35,0.15220746554399714,-0.29132505175983436,0.5322081770936803,0.20858159015930292,-0.15277101176705027,0.5589784575514799,1.2743534596462076,0.8935594355346469,1.5109551202088578,IC50,cv3,B3,regression,,,,,,,
B*40:01,13,-0.33516483516483514,-0.7042061986084756,0.18930460513317887,-0.23845343001074032,-0.7728176114619274,0.18683955203631633,1.3558685331058509,0.8488919327189831,1.8710407063556755,IC50,cv3,B3,regression,,,,,,,
B*40:02,12,-0.024518426391842117,-0.6292361855196695,0.6995268769694031,-0.08360524632197044,-0.645594937652003,0.5092961274614191,1.022343413277305,0.6827645552501033,1.3262071261610449,IC50,cv3,B3,regression,,,,,,,
B*44:03,21,0.2714285714285714,-0.21140893779474512,0.6395779334289741,0.354852004373853,0.027194126622822595,0.6799915896432954,1.1561551764955385,0.834230503161679,1.3938247974467164,IC50,cv3,B3,regression,,,,,,,
B*51:01,19,0.1105263157894737,-0.38582223525541076,0.5514787752261654,0.006023534013128454,-0.42256873165225456,0.4148383519603887,1.3684058419493672,0.9255743770811602,1.8005450244687853,IC50,cv3,B3,regression,,,,,,,
B*53:01,26,0.37846153846153846,-0.0590177316163736,0.6639793776972477,0.3850073345374544,-0.08439501865747817,0.6860075003374669,1.264997838181662,0.9732394744493225,1.599807656252485,IC50,cv3,B3,regression,,,,,,,
B*57:01,16,0.09124358614431533,-0.42487394072755735,0.645777618303374,0.10577071311176217,-0.39844359604751806,0.5843210908866926,0.9120540188374108,0.6838537803650666,1.1206913340005389,IC50,cv3,B3,regression,,,,,,,
A*01:01,49,,,,,,,,,,IC50,cv3,B0,classification,0.42857142857142855,0.5,0.5,0.5,0.42857142857142855,0.28092705167173254,0.5802884615384614
A*02:01,1124,,,,,,,,,,IC50,cv3,B0,classification,0.48487544483985767,0.5,0.5,0.5,0.48487544483985767,0.44892541741125885,0.5203670653173873
A*03:01,93,,,,,,,,,,IC50,cv3,B0,classification,0.3010752688172043,0.5,0.5,0.5,0.3010752688172043,0.20224719101123595,0.41723575840768695
A*11:01,111,,,,,,,,,,IC50,cv3,B0,classification,0.34234234234234234,0.5,0.5,0.5,0.34234234234234234,0.22749334122521456,0.4926237996610806
A*24:02,102,,,,,,,,,,IC50,cv3,B0,classification,0.23529411764705882,0.5,0.5,0.5,0.23529411764705882,0.1553398058252427,0.3203962264150943
A*31:01,15,,,,,,,,,,IC50,cv3,B0,classification,0.4,0.5,0.5,0.5,0.4,0.1934375,0.6428571428571429
A*68:02,430,,,,,,,,,,IC50,cv3,B0,classification,0.3209302325581395,0.5,0.5,0.5,0.3209302325581395,0.27045689356730207,0.3827470612558332
B*07:02,70,,,,,,,,,,IC50,cv3,B0,classification,0.38571428571428573,0.5,0.5,0.5,0.38571428571428573,0.27472027972027974,0.4864864864864865
B*08:01,17,,,,,,,,,,IC50,cv3,B0,classification,0.17647058823529413,0.5,0.5,0.5,0.17647058823529413,0.05555555555555555,0.3871527777777778
B*15:01,44,,,,,,,,,,IC50,cv3,B0,classification,0.0,,,,,,
B*35:01,35,,,,,,,,,,IC50,cv3,B0,classification,0.45714285714285713,0.5,0.5,0.5,0.45714285714285713,0.15803125,0.6875
B*40:01,13,,,,,,,,,,IC50,cv3,B0,classification,0.38461538461538464,0.5,0.5,0.5,0.38461538461538464,0.16666666666666666,0.6363636363636364
B*40:02,12,,,,,,,,,,IC50,cv3,B0,classification,0.5,0.5,0.5,0.5,0.5,0.25,0.75
B*44:03,21,,,,,,,,,,IC50,cv3,B0,classification,0.2857142857142857,0.5,0.5,0.5,0.2857142857142857,0.11785714285714288,0.5011904761904751
B*51:01,19,,,,,,,,,,IC50,cv3,B0,classification,0.6842105263157895,0.5,0.5,0.5,0.6842105263157895,0.4444444444444444,0.9
B*53:01,26,,,,,,,,,,IC50,cv3,B0,classification,0.2692307692307692,0.5,0.5,0.5,0.2692307692307692,0.045454545454545456,0.4834538375973304
B*57:01,16,,,,,,,,,,IC50,cv3,B0,classification,0.125,0.5,0.5,0.5,0.125,0.0625,0.3125
A*01:01,49,,,,,,,,,,IC50,cv3,B1,classification,0.42857142857142855,0.3792517006802721,0.21673351158645277,0.5634032634032633,0.3638585061998746,0.2433915845050603,0.5781114262837679
A*02:01,1124,,,,,,,,,,IC50,cv3,B1,classification,0.48487544483985767,0.3219993345058706,0.29239082060322025,0.3497926276658818,0.3937517620863831,0.3583500613017718,0.43258073573817163
A*03:01,93,,,,,,,,,,IC50,cv3,B1,classification,0.3010752688172043,0.37307692307692303,0.249213226010101,0.5618669956567098,0.2706477109609799,0.16503490362767126,0.45188950620228985
A*11:01,111,,,,,,,,,,IC50,cv3,B1,classification,0.34234234234234234,0.4134823359769286,0.27783552415197393,0.5725596159678218,0.2856615850349943,0.17550191243694435,0.4944023194093149
A*24:02,102,,,,,,,,,,IC50,cv3,B1,classification,0.23529411764705882,0.2238247863247863,0.11998816768086545,0.3567663324547061,0.19503953318970504,0.11355958576842165,0.3388316529733908
A*31:01,15,,,,,,,,,,IC50,cv3,B1,classification,0.4,0.5462962962962963,0.16267045454545456,0.8941506410256406,0.49722222222222223,0.18383012820512823,0.8339272247360482
A*68:02,430,,,,,,,,,,IC50,cv3,B1,classification,0.3209302325581395,0.49544619813380975,0.4442453332604983,0.5580947613768958,0.32797586018865554,0.25616463640298165,0.41142536991389395
B*07:02,70,,,,,,,,,,IC50,cv3,B1,classification,0.38571428571428573,0.4720068906115417,0.33213685762496664,0.6453795731707317,0.3847061733915021,0.2654848992591872,0.5637874868375407
B*08:01,17,,,,,,,,,,IC50,cv3,B1,classification,0.17647058823529413,0.5476190476190477,0.2787698412698413,0.844551282051282,0.22962962962962963,0.09090909090909091,0.608495670995671
B*15:01,44,,,,,,,,,,IC50,cv3,B1,classification,0.0,,,,,,
B*35:01,35,,,,,,,,,,IC50,cv3,B1,classification,0.45714285714285713,0.4835526315789474,0.26681610056610056,0.7571908068783065,0.4451832209563431,0.21451770421607377,0.6937378324161395
B*40:01,13,,,,,,,,,,IC50,cv3,B1,classification,0.38461538461538464,0.575,0.2857142857142857,0.8796428571428562,0.4411111111111111,0.25,0.9204761904761908
B*40:02,12,,,,,,,,,,IC50,cv3,B1,classification,0.5,0.5,0.14067460317460315,0.8547619047619048,0.5216269841269842,0.25,0.9268518518518517
B*44:03,21,,,,,,,,,,IC50,cv3,B1,classification,0.2857142857142857,0.4444444444444445,0.15841346153846156,0.7555555555555555,0.29286934470757997,0.152124912464986,0.6254242424242419
B*51:01,19,,,,,,,,,,IC50,cv3,B1,classification,0.6842105263157895,0.7564102564102564,0.5,0.9800480769230767,0.9067774330932223,0.7854120077783179,0.990567308794863
B*53:01,26,,,,,,,,,,IC50,cv3,B1,classification,0.2692307692307692,0.368421052631579,0.18181818181818182,0.6068907563025209,0.23253968253968255,0.07197661673364998,0.5161284494098476
B*57:01,16,,,,,,,,,,IC50,cv3,B1,classification,0.125,0.4642857142857143,0.06666666666666665,0.8666666666666667,0.17692307692307693,0.07142857142857142,0.6041025641025638
A*01:01,49,,,,,,,,,,IC50,cv3,B2,classification,0.42857142857142855,0.5306122448979591,0.35770330999913574,0.6704935897435897,0.4912948180575271,0.33528396614337597,0.7028967104850689
A*02:01,1124,,,,,,,,,,IC50,cv3,B2,classification,0.48487544483985767,0.6222148278430069,0.5892579854073356,0.655027735199771,0.5779085309550592,0.5235543781871881,0.6243908008947229
A*03:01,93,,,,,,,,,,IC50,cv3,B2,classification,0.3010752688172043,0.7741758241758241,0.6730576494600572,0.8701665852069077,0.586100510784461,0.41022528950803056,0.769955552283287
A*11:01,111,,,,,,,,,,IC50,cv3,B2,classification,0.34234234234234234,0.5879596250901226,0.4329119954369132,0.7377148856858462,0.3717828464481334,0.24785034221612906,0.6332986779258017
A*24:02,102,,,,,,,,,,IC50,cv3,B2,classification,0.23529411764705882,0.48931623931623935,0.3313333582396234,0.6367893619595146,0.3217930906972473,0.16211569819961222,0.5130121305245123
A*31:01,15,,,,,,,,,,IC50,cv3,B2,classification,0.4,0.7777777777777778,0.5,1.0,0.6478535353535354,0.40241341991341995,1.0
A*68:02,430,,,,,,,,,,IC50,cv3,B2,classification,0.3209302325581395,0.5617679174111574,0.4970879764379764,0.6284553721472326,0.35561112168762943,0.28807983667223463,0.4542575847123243
B*07:02,70,,,,,,,,,,IC50,cv3,B2,classification,0.38571428571428573,0.6821705426356589,0.5586887840420449,0.7854653397391901,0.5759002745884052,0.38298109708191974,0.7114682856782206
B*08:01,17,,,,,,,,,,IC50,cv3,B2,classification,0.17647058823529413,0.6904761904761905,0.357421875,0.9333333333333333,0.31666666666666665,0.10138888888888889,0.721279761904762
B*15:01,44,,,,,,,,,,IC50,cv3,B2,classification,0.0,,,,,,
B*35:01,35,,,,,,,,,,IC50,cv3,B2,classification,0.45714285714285713,0.6776315789473684,0.44153439153439156,0.8304545454545452,0.6081575995749423,0.25688852813852814,0.8522634730965899
B*40:01,13,,,,,,,,,,IC50,cv3,B2,classification,0.38461538461538464,0.325,0.016964285714285737,0.7272727272727273,0.3702564102564102,0.1875757575757576,0.7051677489177489
B*40:02,12,,,,,,,,,,IC50,cv3,B2,classification,0.5,0.33333333333333337,0.012857142857142867,0.7500000000000001,0.45105820105820105,0.23132575757575757,0.8125012368583797
B*44:03,21,,,,,,,,,,IC50,cv3,B2,classification,0.2857142857142857,0.6777777777777778,0.4266964285714286,0.8694444444444445,0.4202020202020202,0.19398862044817927,0.8297435897435896
B*51:01,19,,,,,,,,,,IC50,cv3,B2,classification,0.6842105263157895,0.5128205128205129,0.2222222222222222,0.8000000000000002,0.7405875897540579,0.46919131463774316,0.9644481759049773
B*53:01,26,,,,,,,,,,IC50,cv3,B2,classification,0.2692307692307692,0.7894736842105263,0.4138755980861244,1.0,0.6584267040149392,0.10089285714285715,0.9303119408298435
B*57:01,16,,,,,,,,,,IC50,cv3,B2,classification,0.125,0.5,0.06666666666666665,0.8666666666666667,0.20192307692307693,0.07142857142857142,0.6666666666666666
A*01:01,49,,,,,,,,,,IC50,cv3,B3,classification,0.42857142857142855,0.5595238095238095,0.3806356052036199,0.723861029651352,0.5339748174329229,0.3372561382698759,0.7555257406721851
A*02:01,1124,,,,,,,,,,IC50,cv3,B3,classification,0.48487544483985767,0.591811253188826,0.5563223966817719,0.6243890615632821,0.5532866109297235,0.5001422708856427,0.6017746941346335
A*03:01,93,,,,,,,,,,IC50,cv3,B3,classification,0.3010752688172043,0.765934065934066,0.6680083582330615,0.8486254853643966,0.5622499741952839,0.37684775894538985,0.7569801808484453
A*11:01,111,,,,,,,,,,IC50,cv3,B3,classification,0.34234234234234234,0.6157173756308579,0.4669010574561449,0.7519586457902979,0.3990252848158694,0.2643356783355207,0.6244712799695878
A*24:02,102,,,,,,,,,,IC50,cv3,B3,classification,0.23529411764705882,0.6308760683760685,0.4927891305940086,0.7623333333333333,0.45586305403475963,0.2496388905292553,0.6334059558950362
A*31:01,15,,,,,,,,,,IC50,cv3,B3,classification,0.4,0.7222222222222222,0.44538690476190473,0.9764583333333333,0.7096611721611721,0.35976762820512825,1.0
A*68:02,430,,,,,,,,,,IC50,cv3,B3,classification,0.3209302325581395,0.5967341671629938,0.5320884994657696,0.6678645014383052,0.36325373021915897,0.3023435865110241,0.4525680290373352
B*07:02,70,,,,,,,,,,IC50,cv3,B3,classification,0.38571428571428573,0.7372954349698535,0.6266838023088023,0.8290827922077921,0.6161144925276494,0.44066611018101853,0.7496369361862204
B*08:01,17,,,,,,,,,,IC50,cv3,B3,classification,0.17647058823529413,0.5,0.1428571428571429,0.8208333333333333,0.22142857142857142,0.07142857142857142,0.5493055555555556
B*15:01,44,,,,,,,,,,IC50,cv3,B3,classification,0.0,,,,,,
B*35:01,35,,,,,,,,,,IC50,cv3,B3,classification,0.45714285714285713,0.5098684210526316,0.2601128472222222,0.7234374999999993,0.4804583243125821,0.19822610294117649,0.7592737568053375
B*40:01,13,,,,,,,,,,IC50,cv3,B3,classification,0.38461538461538464,0.25,0.0,0.5436553030303031,0.3263170163170163,0.16764235764235766,0.5833333333333333
B*40:02,12,,,,,,,,,,IC50,cv3,B3,classification,0.5,0.3611111111111111,0.0625,0.7186507936507938,0.46789321789321786,0.2594155844155844,0.8803503787878787
B*44:03,21,,,,,,,,,,IC50,cv3,B3,classification,0.2857142857142857,0.7444444444444445,0.4471269063180828,0.9852941176470588,0.5571581196581197,0.25431818181818183,0.9769696969696959
B*51:01,19,,,,,,,,,,IC50,cv3,B3,classification,0.6842105263157895,0.46153846153846156,0.1202262443438914,0.8144230769230767,0.6883058405831686,0.43290835226864643,0.9675365701836292
B*53:01,26,,,,,,,,,,IC50,cv3,B3,classification,0.2692307692307692,0.736842105263158,0.29749373433583964,0.9045378151260501,0.6221088435374149,0.07291666666666666,0.8943556443556443
B*57:01,16,,,,,,,,,,IC50,cv3,B3,classification,0.125,0.39285714285714285,0.0,0.8666666666666667,0.16666666666666669,0.0625,0.6
A*01:01,481,0.05588696395658324,-0.02952299139348629,0.18063541976256212,0.05415901635568412,-0.04670976885270371,0.14319982113224203,1.1887595070550967,1.139863968781123,1.2383234017043097,Kd,cv1,B0,regression,,,,,,,
A*02:01,1117,-0.026360048494794817,-0.10071062537595135,0.03876737174434746,-0.02348924001994475,-0.08145907735863052,0.04375791652664757,1.3924789503901343,1.3517367445422424,1.4417349716185002,Kd,cv1,B0,regression,,,,,,,
A*03:01,702,-0.004188425462689976,-0.07393593505457074,0.06934818066061896,-0.004725487941217799,-0.07831226300816155,0.06644995588021606,0.9529507357284488,0.9096108355502347,0.9943842662947695,Kd,cv1,B0,regression,,,,,,,
A*11:01,578,0.011399226587408329,-0.07776920322158852,0.10234877818690215,0.005646808037121399,-0.07333596919875943,0.09005532611302418,1.1457661629165117,1.0992459621936719,1.1907275362524978,Kd,cv1,B0,regression,,,,,,,
A*23:01,126,-0.10800287703400976,-0.2662713166907331,0.030243040081769892,-0.0909403184124891,-0.255438523635941,0.09634903006318765,1.4371302345449868,1.250866609535233,1.6001693222405513,Kd,cv1,B0,regression,,,,,,,
A*24:02,144,-0.1748355037996509,-0.32103683354424906,-0.021799669273696625,-0.15008559552203343,-0.30145951784336267,0.0117261871691183,1.8865296414342905,1.7364997207245614,2.046727776779888,Kd,cv1,B0,regression,,,,,,,
A*25:01,68,-0.10447689321746889,-0.35383282390589516,0.16634030138433825,-0.03478251564578446,-0.2717519984049035,0.20049370826337448,0.9622214402701585,0.854129322223281,1.0551997171796301,Kd,cv1,B0,regression,,,,,,,
A*26:01,357,-0.11002248048412916,-0.20280409100131308,-0.004663833844302746,-0.08499362587634195,-0.18150871375768504,0.00753687034199078,1.1358677209918373,1.0777256162507691,1.1921690856615912,Kd,cv1,B0,regression,,,,,,,
A*29:02,201,-0.1117434078447153,-0.2581803915886618,0.0068183025892415,-0.1472749785799766,-0.2789661952539313,-0.022877170026213884,1.5382866924837781,1.3917320732256568,1.6862368608950598,Kd,cv1,B0,regression,,,,,,,
A*30:01,216,0.1502451813526367,0.010022522434263692,0.28017996859437927,0.1491109879231817,-0.001952953717624425,0.2837748195504435,1.3757623693446823,1.2941962360985502,1.4643964376414653,Kd,cv1,B0,regression,,,,,,,
A*31:01,528,-0.07712391715887713,-0.15684651925509102,-0.00396059503455169,-0.08140117596926393,-0.1594447989883187,0.00025523243169263236,1.0668511902359539,1.0069179314118732,1.1168418993778717,Kd,cv1,B0,regression,,,,,,,
A*68:02,150,-0.2056168041009754,-0.3511300221049658,-0.04524307124128253,-0.21414119772757692,-0.39827673300024946,-0.051172524710771716,1.3253383231806801,1.1841194530266808,1.4436187479331102,Kd,cv1,B0,regression,,,,,,,
B*07:02,630,0.011807611904181555,-0.06557364283586081,0.0831738903211582,0.014105959947114829,-0.06294125629889319,0.09724894439333637,1.1095671999205723,1.0685231241671171,1.1558227425335643,Kd,cv1,B0,regression,,,,,,,
B*08:01,376,0.05828036227407771,-0.04653107765785324,0.15212108932803559,0.05524531876670803,-0.05215883530392225,0.1657250056796122,1.0812723809470028,1.0314476841980178,1.1334901691739845,Kd,cv1,B0,regression,,,,,,,
B*14:02,10,0.48765241519834646,-0.21962633691194222,0.9087038503222519,0.40842733115334506,-0.22698796234603785,0.869578444573905,0.7364046509688198,0.4415226719778036,1.0274222351255087,Kd,cv1,B0,regression,,,,,,,
B*15:01,920,-0.0036609480954379403,-0.0679619528321769,0.059709879075900356,0.009375102144767486,-0.06336032944628253,0.07075994376560349,0.8379110259507537,0.7977535402580812,0.8711357630814968,Kd,cv1,B0,regression,,,,,,,
B*18:01,260,-0.0182359668115066,-0.1387303377332821,0.13075517269393885,0.007933101535646588,-0.11490419188186939,0.1440138328233215,1.2080032589966836,1.1196953016939866,1.3052014313899742,Kd,cv1,B0,regression,,,,,,,
B*27:05,428,-0.05233536199367685,-0.14430719005587833,0.040031607397753,-0.055409586323253865,-0.14887323271729647,0.04579576317958762,0.9580041876922987,0.9033700567259693,1.023389646483613,Kd,cv1,B0,regression,,,,,,,
B*35:01,486,0.005511970909957318,-0.08200407889239734,0.10539979648418592,0.014023270616526754,-0.06641949570777178,0.1094436913224099,1.4898362033752486,1.4001401131074491,1.584494610238053,Kd,cv1,B0,regression,,,,,,,
B*39:01,333,0.03419754515975837,-0.07353809176960657,0.12701404222963328,0.032416495640734205,-0.06405303718966673,0.13741080359624672,1.030286723544591,0.9665512326927572,1.0983999293884994,Kd,cv1,B0,regression,,,,,,,
B*40:01,370,0.10460540530476953,0.007380839958009855,0.19941376098421,0.10268953215206275,0.007409173842244028,0.1932811730576018,1.2126367408012053,1.156610104304041,1.2731916413611972,Kd,cv1,B0,regression,,,,,,,
B*44:02,14,0.3137114847769279,-0.29805335484307477,0.8044788825162135,0.34378280620565094,-0.21290127527311564,0.7448493977413908,1.6461113268855398,1.519960181221072,1.766610136285315,Kd,cv1,B0,regression,,,,,,,
B*51:01,130,-0.005489091161096337,-0.17586898646730217,0.1498103195160133,0.0006026240750199481,-0.16789202154641458,0.17425403798329628,0.8157290549336995,0.7428868214998601,0.8879139072680914,Kd,cv1,B0,regression,,,,,,,
B*57:01,304,-0.02304466062048053,-0.12559392629189792,0.06650894873701421,-0.010462771848361495,-0.12526896419876635,0.09940569466774125,0.7724718693814027,0.7171560730273706,0.8260666372949836,Kd,cv1,B0,regression,,,,,,,
B*58:01,577,-0.00783682383575534,-0.08413500583053328,0.0672164489804361,-0.012870490052085293,-0.0807101182258279,0.06653080021984523,1.0541266175127568,1.002553582387289,1.0989401706037796,Kd,cv1,B0,regression,,,,,,,
A*01:01,481,0.2876733297407483,0.1870800381860866,0.36630600094948834,0.21883551122069753,0.09904185030565252,0.3420416497191719,74.31172253896656,73.7163507193809,75.05740465984182,Kd,cv1,B1,regression,,,,,,,
A*02:01,1117,0.19228540631892285,0.12811835709023586,0.26026178255435417,0.12963626701827163,0.06366476931293001,0.21680967865329645,74.81802046639544,74.13875449958623,75.43276896446302,Kd,cv1,B1,regression,,,,,,,
A*03:01,702,0.08256125440826319,0.012440204246630088,0.1606869982843743,0.03811393246718761,-0.03984339209089892,0.13202852665257214,70.9894890354794,70.55376504653391,71.43775331501993,Kd,cv1,B1,regression,,,,,,,
A*11:01,578,0.07911217309331024,-0.00450840496347502,0.16370046642297206,0.076104814441967,-0.0005207818544635473,0.15681298105915012,68.37772470321582,67.89612821470895,68.94191738127765,Kd,cv1,B1,regression,,,,,,,
A*23:01,126,0.3804897201390369,0.20743499496389708,0.5347069706057439,0.14601416622818178,0.003802003710835555,0.36341310297048374,77.1308678911452,75.40253227915797,78.80267766296394,Kd,cv1,B1,regression,,,,,,,
A*24:02,144,0.1345077083420197,-0.011293931359369415,0.30796110127292736,-0.047944710603347415,-0.2070004515874432,0.11032478644516201,76.86538084395812,75.34704323647082,78.21089427168617,Kd,cv1,B1,regression,,,,,,,
A*25:01,68,-0.14896907748592353,-0.3645176935802964,0.10397088668607245,-0.1800999646912031,-0.36184984787266106,0.06781111340537702,74.78153503105906,73.48739945402957,76.15060796774034,Kd,cv1,B1,regression,,,,,,,
A*26:01,357,0.2208745635939014,0.12895405545324048,0.31772180146626644,0.10889484517975473,-0.00586307570844061,0.2335141242793602,71.91864639853975,71.10249980439592,72.7136040181992,Kd,cv1,B1,regression,,,,,,,
A*29:02,201,0.5647519779712421,0.4596826707284437,0.655989203335282,0.3966128908748532,0.21025587052353853,0.6150867296017993,72.05972448334785,71.10285652611668,72.93794499157484,Kd,cv1,B1,regression,,,,,,,
A*30:01,216,0.1826869091143748,0.05217988008073486,0.3437176828071163,0.17548265216434877,0.08390093662896034,0.26710476236175146,69.08183526588306,68.03921891289538,70.20038406882462,Kd,cv1,B1,regression,,,,,,,
A*31:01,528,0.10993490296192213,0.018977951527958437,0.18795798354422819,0.08206513608138083,-0.0036081025382743155,0.16505567269828297,74.2204355030579,73.7006998816672,74.73943701018887,Kd,cv1,B1,regression,,,,,,,
A*68:02,150,-0.02437976960633951,-0.2008742963464246,0.13197981713287746,-0.07451812367751126,-0.19417761129734332,0.0616491104207527,67.81656846605435,66.37510051885545,69.01181800249942,Kd,cv1,B1,regression,,,,,,,
B*07:02,630,0.06756437242122385,0.0006718906696516334,0.15791520645526913,0.08926852438574995,0.007581744754912468,0.16624850142937628,67.09467819079106,66.53862320442838,67.63756975454518,Kd,cv1,B1,regression,,,,,,,
B*08:01,376,0.27195826475486784,0.1708200753743036,0.36509479733255223,0.2618437029597298,0.17521885744595073,0.34613473225217756,75.33801404232291,74.6741695922611,75.951646228178,Kd,cv1,B1,regression,,,,,,,
B*14:02,10,-0.024316221747202587,-0.7700931144327371,0.7481012658227837,-0.022713265081333478,-0.7196176815485394,0.7507046663334058,71.21337904370803,68.23401722203778,74.24038137268114,Kd,cv1,B1,regression,,,,,,,
B*15:01,920,0.22005720301715803,0.15470832544622218,0.2742436240588332,0.15627332509349762,0.09594765830399446,0.22130486943756333,74.97149674306579,74.4668667077309,75.47857966516864,Kd,cv1,B1,regression,,,,,,,
B*18:01,260,0.15662107881884532,0.0254148118399296,0.2746445826003869,0.08571417836073636,-0.061626039338498646,0.2250610144692894,69.99983594906789,68.90866684724976,71.04619021250731,Kd,cv1,B1,regression,,,,,,,
B*27:05,428,0.14040445516514666,0.05363250669799438,0.22689142902355078,0.025986533483148503,-0.05549123339074812,0.10427917602759461,70.65697773994619,69.71999330617773,71.60642219238784,Kd,cv1,B1,regression,,,,,,,
B*35:01,486,0.1357644445157923,0.037008009615141405,0.22462605846504027,0.14584738656128984,0.057357751381807986,0.22029540541897122,71.3050868948413,70.57731220639967,71.87579977397314,Kd,cv1,B1,regression,,,,,,,
B*39:01,333,0.23736833951572694,0.13314702269637727,0.33951809192851423,0.12198671486889329,0.002041782302642058,0.28463401442140085,72.0315487210128,71.39704114327971,72.8070445010965,Kd,cv1,B1,regression,,,,,,,
B*40:01,370,0.0743258446432218,-0.02090780354865224,0.17418249520716897,0.060698171219230296,-0.016924519766496223,0.14239442042547162,64.90273595671428,64.27869230836171,65.59226318641372,Kd,cv1,B1,regression,,,,,,,
B*44:02,14,0.19603571783839105,-0.2771426727477405,0.6533640876222733,0.14077417130136016,-0.3700975152889642,0.5047927923501714,72.74620150481208,69.78501660491773,75.85468855935183,Kd,cv1,B1,regression,,,,,,,
B*51:01,130,0.08961750126316077,-0.10916726120685977,0.2869401106727201,0.12294202882919773,-0.06429193226413696,0.33255202843430803,72.82569954600841,71.77649395452839,73.96286530632528,Kd,cv1,B1,regression,,,,,,,
B*57:01,304,0.1947598810043908,0.09000926259464954,0.31223461812023207,0.2065069118744074,0.10545381250866631,0.3266091691439097,76.29784601625654,75.55903496446861,77.1409678968057,Kd,cv1,B1,regression,,,,,,,
B*58:01,577,0.22089551879917269,0.13429936438587167,0.2994301582211537,0.22902805053604386,0.16228898469699343,0.29780579417980657,75.39558725822253,74.94194337481592,75.97845000029993,Kd,cv1,B1,regression,,,,,,,
A*01:01,481,0.5998481760289628,0.5298264599711839,0.6526095456164055,0.5870008342388999,0.517787173467919,0.6464696796433526,0.9678559127082201,0.9205420723909133,1.0172538011924275,Kd,cv1,B2,regression,,,,,,,
A*02:01,1117,0.5171975449404643,0.4200708235690747,0.5951918659736645,0.5051890587605199,0.41742738882260866,0.5882864465572729,1.1199939773488095,1.0692013842060617,1.1795548040665804,Kd,cv1,B2,regression,,,,,,,
A*03:01,702,0.5439078257363951,0.48692401944836405,0.5959883003394425,0.5541296428810136,0.5066175718453202,0.6003430214872778,0.7587871670935692,0.7174456194640189,0.7956840247478023,Kd,cv1,B2,regression,,,,,,,
A*11:01,578,0.6688204175573828,0.6232348740051488,0.7137729974946926,0.6646405660838524,0.6237802619918603,0.7032904385065869,0.868241138382269,0.8291463790696755,0.9045711679629894,Kd,cv1,B2,regression,,,,,,,
A*23:01,126,0.2739599203420689,0.09061605524712536,0.4283853724664146,0.28303711840755713,0.09801548660657108,0.450646958979253,1.1830328002768447,1.0597271347995074,1.3083581495719312,Kd,cv1,B2,regression,,,,,,,
A*24:02,144,0.6383784777142026,0.5295247476907822,0.7206714606761947,0.672591855397866,0.5822014070349795,0.7547950605900806,1.0753766771225761,0.987627286156663,1.1738522526034167,Kd,cv1,B2,regression,,,,,,,
A*25:01,68,-0.17915235462359427,-0.4105899627157748,0.1180984279873478,-0.1686431406082371,-0.40433014333605777,0.06512780160964182,0.8875041838400013,0.7482011750751804,0.9954734087438197,Kd,cv1,B2,regression,,,,,,,
A*26:01,357,0.4257214843646112,0.33888628513690033,0.5031112528094394,0.4245272057058778,0.3422730185665178,0.49173728903327285,1.029326089793121,0.9709997311393747,1.0856766915254985,Kd,cv1,B2,regression,,,,,,,
A*29:02,201,0.5810930820438741,0.48946909372894076,0.6607623800056477,0.5722959224530788,0.47852788336574503,0.6603752766423099,1.0420424539273538,0.9451631158202152,1.136598122706767,Kd,cv1,B2,regression,,,,,,,
A*30:01,216,0.5121145338423362,0.3625707006317021,0.6236865059269763,0.4973941742575249,0.35215381104290283,0.613825128524074,1.117918198832516,1.0070405979240025,1.2405624346884943,Kd,cv1,B2,regression,,,,,,,
A*31:01,528,0.6003033077316003,0.5427982596433402,0.6481319565324694,0.5943965221966943,0.544750990454872,0.6404341018258561,0.8635749621449086,0.8026052708141941,0.9109866761344547,Kd,cv1,B2,regression,,,,,,,
A*68:02,150,0.6611588958560093,0.5632092045083819,0.7428522651317184,0.6656004691919453,0.5598111749071661,0.7483976612847716,1.0378757790747475,0.9100276500054046,1.1564271118505722,Kd,cv1,B2,regression,,,,,,,
B*07:02,630,0.6478339397849896,0.5923753377915302,0.6990693931170018,0.6479515986872297,0.5997902984473208,0.6873807172780294,0.8502777699924741,0.8113147508856395,0.8955459434874086,Kd,cv1,B2,regression,,,,,,,
B*08:01,376,0.5075999206532739,0.4198618614936692,0.5849534932742106,0.5513954240027954,0.4800416558737868,0.6171007223686317,0.7656170170677373,0.7293136067539792,0.8109929458131462,Kd,cv1,B2,regression,,,,,,,
B*14:02,10,-0.5045616012544536,-0.9617940603700098,0.07093613662035902,-0.5262190109776886,-0.9406441185134052,0.056942028295920516,0.8354964204156341,0.6033752401455259,1.0388586778556947,Kd,cv1,B2,regression,,,,,,,
B*15:01,920,0.5149215330288386,0.4673173897345365,0.5642026673436173,0.5261961793586055,0.47830168488492153,0.5739126050544773,0.6404882165563284,0.6147017408879136,0.6671116682118854,Kd,cv1,B2,regression,,,,,,,
B*18:01,260,0.520002328728935,0.3826260453437269,0.6359654515830063,0.5566776368809293,0.44492957338388384,0.6381309303997181,0.9951849654248064,0.9110795625368162,1.0842712951099105,Kd,cv1,B2,regression,,,,,,,
B*27:05,428,0.5905446433444577,0.5311682643023382,0.6489914188610226,0.5696558385193018,0.5121408848392819,0.6313739930013055,0.7670982539502981,0.7163868828107035,0.8177391626842299,Kd,cv1,B2,regression,,,,,,,
B*35:01,486,0.6641709261476139,0.61129961442364,0.7091530040035716,0.6693312440663027,0.625307333017027,0.7135853360258545,1.070996683846016,1.0207496413291317,1.1304496968495064,Kd,cv1,B2,regression,,,,,,,
B*39:01,333,0.43060238874559775,0.33603366356349595,0.5195727258601402,0.45029852554399136,0.362103152696192,0.5254033735388245,0.9203013885326684,0.8638779744727357,0.9753637811070802,Kd,cv1,B2,regression,,,,,,,
B*40:01,370,0.7043315199829835,0.6531602814348295,0.7494137841779167,0.6882357381913853,0.6319229455400159,0.737419482824973,0.8761309408630942,0.8115380151255811,0.9324211806999398,Kd,cv1,B2,regression,,,,,,,
B*44:02,14,0.13656420793236226,-0.4458452919830666,0.6171782492896941,0.19669592437134872,-0.37346881717611935,0.6455034166829042,0.5720229514550477,0.3675150351980234,0.7680874603419503,Kd,cv1,B2,regression,,,,,,,
B*51:01,130,0.14605962118832702,-0.0182364178934044,0.3284631538506173,0.1477003359621365,-0.02153807877934245,0.3195693036428327,0.5647056401560481,0.5059234929253603,0.6309987822583475,Kd,cv1,B2,regression,,,,,,,
B*57:01,304,0.503790826669493,0.4145724654213067,0.5885966698044557,0.50715330493008,0.41690955176712075,0.5949248230194552,0.6073227413218896,0.5565105226348167,0.6522211094316701,Kd,cv1,B2,regression,,,,,,,
B*58:01,577,0.6096313668843321,0.5563022499465203,0.6603189529983949,0.5955649732319573,0.5516426879589114,0.6402700987463207,0.8552065031955697,0.80263358076949,0.9011427255003459,Kd,cv1,B2,regression,,,,,,,
A*01:01,481,0.49217238798855556,0.41109895177819905,0.5611111424362335,0.48485496595777244,0.4128976055100251,0.552454199655752,1.0367361486107776,0.9841133501432422,1.0882356953718706,Kd,cv1,B3,regression,,,,,,,
A*02:01,1117,0.46124256737292063,0.3651737218592869,0.5415089027589741,0.4536594694668197,0.3635723548274795,0.539347663655861,1.1566329357479401,1.111179177446648,1.1997755085204629,Kd,cv1,B3,regression,,,,,,,
A*03:01,702,0.44776484422576424,0.38364666456565794,0.5127287078538569,0.4588085214917213,0.40565355186853164,0.512295925258434,0.8077570268157003,0.7683433748547749,0.8475512329207456,Kd,cv1,B3,regression,,,,,,,
A*11:01,578,0.6102404715756113,0.5557622989186826,0.6674281093384535,0.6151957930863086,0.5577494686169276,0.6622220264764371,0.916487603064353,0.8705079745571449,0.9650979729205571,Kd,cv1,B3,regression,,,,,,,
A*23:01,126,0.3986772956036555,0.2283100511624017,0.5241916470546133,0.40655902926458926,0.2825298964562922,0.5303152126122982,1.1238148971949808,1.0094716115980016,1.2483233177140576,Kd,cv1,B3,regression,,,,,,,
A*24:02,144,0.4920465396941054,0.3630869485343515,0.6146497852804856,0.5069820783078967,0.3777390574777209,0.6195436235682582,1.1966600308554698,1.0650840608056376,1.317100485244113,Kd,cv1,B3,regression,,,,,,,
A*25:01,68,-0.02357770225491677,-0.24665405605876592,0.23940900182517824,-0.09804254563945604,-0.3211184492657151,0.149782927748832,0.8754041238338205,0.7146448420766873,1.0064533961598325,Kd,cv1,B3,regression,,,,,,,
A*26:01,357,0.3516186569954008,0.26217417453471015,0.4416665707766486,0.3462502207601539,0.2532927275279866,0.42199655445931183,1.0666303835814959,1.0059999227769516,1.1248266029197258,Kd,cv1,B3,regression,,,,,,,
A*29:02,201,0.5897892353157043,0.49543786919756416,0.6680748547351475,0.6094095896590184,0.5396114649192421,0.6821303458800717,1.0020165016641214,0.9133357537477497,1.0879382785047,Kd,cv1,B3,regression,,,,,,,
A*30:01,216,0.46877079211234035,0.3367089296383851,0.5904942637741352,0.47083592639541144,0.3467915555161476,0.5876536321970339,1.1394051060967754,1.029040078230249,1.2465303557995913,Kd,cv1,B3,regression,,,,,,,
A*31:01,528,0.5206435129419775,0.4508545211237715,0.57840693462816,0.513647217270297,0.44937106715067043,0.5742960138149855,0.9191036580820923,0.8520028097162041,0.9685465108200854,Kd,cv1,B3,regression,,,,,,,
A*68:02,150,0.5335188363404162,0.4130580620088243,0.6355587837566977,0.5239991762479858,0.4228272104494746,0.632337108568463,1.1525362071121479,1.0196627884199474,1.266700881485449,Kd,cv1,B3,regression,,,,,,,
B*07:02,630,0.5550652584780846,0.49629417250228647,0.6144255720502492,0.5598164393289088,0.5014473765819729,0.6051252161528669,0.9228856578845699,0.8814722483719102,0.9662139847358993,Kd,cv1,B3,regression,,,,,,,
B*08:01,376,0.46457747037592206,0.3789770607415823,0.537456939819776,0.5140519573222553,0.4356330741019119,0.5854095091654615,0.7859280200200649,0.7457127983307266,0.8332959683884718,Kd,cv1,B3,regression,,,,,,,
B*14:02,10,-0.06686960980480709,-0.7135045422781272,0.6715837507221956,-0.16260065216845784,-0.6480426187245026,0.4551635968559955,0.6763697306245907,0.4850614010307209,0.8462209942455856,Kd,cv1,B3,regression,,,,,,,
B*15:01,920,0.4347970939560229,0.387737805919255,0.4847594232215153,0.4422355515430847,0.3875340311858645,0.4879423841020771,0.6737799289920107,0.647194263079367,0.700614478571684,Kd,cv1,B3,regression,,,,,,,
B*18:01,260,0.4740849080145581,0.37546506281264735,0.5739293967006881,0.491727997089193,0.39783552661207033,0.5742924620606892,1.0385234770029708,0.9361360148482635,1.140375725095153,Kd,cv1,B3,regression,,,,,,,
B*27:05,428,0.46605039589155967,0.38460875149719276,0.5529791629096055,0.46455023207788554,0.3862962032481928,0.5367020268029508,0.8200212277564781,0.7685612905754374,0.8740857414227257,Kd,cv1,B3,regression,,,,,,,
B*35:01,486,0.5817500190009491,0.5102272733974411,0.6420874193106585,0.5925541640692796,0.5294667964491475,0.647544475414929,1.1473859812578286,1.0861704209762113,1.2016744576382716,Kd,cv1,B3,regression,,,,,,,
B*39:01,333,0.3672191753708136,0.28298070580911705,0.4566625131418181,0.36609032930469265,0.2680303254005633,0.44549794245666635,0.9609850225768161,0.8971734291644621,1.0236527263025559,Kd,cv1,B3,regression,,,,,,,
B*40:01,370,0.620448696368679,0.5503772529998407,0.6824067126225717,0.6267485473097945,0.5684700693978958,0.6832043469789432,0.9380897188775119,0.864304444288536,1.0010373691721954,Kd,cv1,B3,regression,,,,,,,
B*44:02,14,0.32819462874067706,-0.19580969416580452,0.7478081357068279,0.28440407922425337,-0.17756445150032016,0.7251895999998433,0.6837821886627724,0.45220284216751966,0.9122908988069961,Kd,cv1,B3,regression,,,,,,,
B*51:01,130,0.030045473787707052,-0.13703979923439896,0.21644781825667195,0.036996764057986076,-0.12800413150317272,0.21573118279303602,0.5933934497396066,0.5226403104420893,0.6581870410720976,Kd,cv1,B3,regression,,,,,,,
B*57:01,304,0.4540184471237932,0.36478711407738307,0.5625066860601879,0.462076414139417,0.3574665825647604,0.5527399133605937,0.6249564283276084,0.5791681801721064,0.6705578214909148,Kd,cv1,B3,regression,,,,,,,
B*58:01,577,0.5011641187212013,0.4432493982152416,0.5605551891812877,0.4964750665772102,0.42737048697676533,0.5555565970931338,0.9162770843014132,0.8570985194139221,0.9617667188252244,Kd,cv1,B3,regression,,,,,,,
A*01:01,481,,,,,,,,,,Kd,cv1,B0,classification,0.604989604989605,0.5535268583830711,0.4954467101442196,0.6252656596030395,0.6354793035825723,0.5828008332910932,0.6797015251724974
A*02:01,1117,,,,,,,,,,Kd,cv1,B0,classification,0.7618621307072516,0.4915314137282101,0.4440095603375018,0.5347092817484381,0.7619122579281709,0.7342576158296573,0.7932982446634341
A*03:01,702,,,,,,,,,,Kd,cv1,B0,classification,0.6068376068376068,0.47853303395250735,0.43829058877419014,0.5220118344660645,0.5927074427400226,0.5524510553226953,0.6295459630375889
A*11:01,578,,,,,,,,,,Kd,cv1,B0,classification,0.6660899653979239,0.4812394859026983,0.4337012407542848,0.5347877543296784,0.6589411223733606,0.6156596461084388,0.7110843098606082
A*23:01,126,,,,,,,,,,Kd,cv1,B0,classification,0.8333333333333334,0.3684807256235828,0.2394356656198841,0.4745987836845619,0.7919171969863213,0.7096337733867827,0.8819773574188767
A*24:02,144,,,,,,,,,,Kd,cv1,B0,classification,0.9236111111111112,0.46582365003417636,0.31740471390809816,0.6480396114816442,0.9174289891395155,0.860164786271055,0.9694490971674705
A*25:01,68,,,,,,,,,,Kd,cv1,B0,classification,0.8823529411764706,0.6625000000000001,0.4774479166666667,0.8611651835372635,0.9250748026483321,0.8572439531179659,0.9787280262283037
A*26:01,357,,,,,,,,,,Kd,cv1,B0,classification,0.6470588235294118,0.4623788909503196,0.408373668320041,0.5164289018920549,0.6293063862173204,0.5775885233686261,0.6839482830364145
A*29:02,201,,,,,,,,,,Kd,cv1,B0,classification,0.8955223880597015,0.26269841269841265,0.15214272233126983,0.3593905943682053,0.8458489221333891,0.7881320252733932,0.9072966544574396
A*30:01,216,,,,,,,,,,Kd,cv1,B0,classification,0.4212962962962963,0.5585054945054946,0.48487074378955186,0.6288206421555068,0.45324917399385484,0.37925412070502923,0.5345155091677075
A*31:01,528,,,,,,,,,,Kd,cv1,B0,classification,0.6893939393939394,0.44448539265612436,0.3982774491371369,0.4906962082798218,0.6606963102025568,0.6115031522765818,0.704814249550467
A*68:02,150,,,,,,,,,,Kd,cv1,B0,classification,0.52,0.47079772079772075,0.38789183924388054,0.5582907057395526,0.5035451726066399,0.42093040871365356,0.6008563193221398
B*07:02,630,,,,,,,,,,Kd,cv1,B0,classification,0.6317460317460317,0.4832351412233582,0.4466325888702773,0.527017605233047,0.6228767374792549,0.5772369495641453,0.6652588907941752
B*08:01,376,,,,,,,,,,Kd,cv1,B0,classification,0.4734042553191489,0.5083276586085574,0.4584054408268466,0.5645819425839629,0.47496844801867055,0.4149518845328947,0.5388775403837283
B*14:02,10,,,,,,,,,,Kd,cv1,B0,classification,0.5,0.56,0.09404761904761909,1.0,0.5666666666666667,0.25708333333333333,0.9893749999999997
B*15:01,920,,,,,,,,,,Kd,cv1,B0,classification,0.6380434782608696,0.49809690440014126,0.45849579416486197,0.5351442615059497,0.6383072023713567,0.6019401534229879,0.6734254388704753
B*18:01,260,,,,,,,,,,Kd,cv1,B0,classification,0.5461538461538461,0.4586715206493196,0.38983757256030466,0.5391303028289808,0.5249473817716173,0.4651680653754073,0.6071147581521584
B*27:05,428,,,,,,,,,,Kd,cv1,B0,classification,0.5817757009345794,0.44610845617105294,0.38995603527880557,0.5040461622775932,0.5523241206920515,0.5007963216956564,0.604929450336789
B*35:01,486,,,,,,,,,,Kd,cv1,B0,classification,0.7242798353909465,0.539263907734057,0.48430697057652605,0.6024514017218296,0.7485654815873952,0.7110166075526118,0.789717736328635
B*39:01,333,,,,,,,,,,Kd,cv1,B0,classification,0.6786786786786787,0.4998345877098669,0.433870800445254,0.5704408785310682,0.6808383905129067,0.6284376740881054,0.7392605120119576
B*40:01,370,,,,,,,,,,Kd,cv1,B0,classification,0.7189189189189189,0.5827609890109889,0.5173840263995424,0.6415365555830498,0.7598094493539562,0.7092028733553868,0.8123812799664144
B*44:02,14,,,,,,,,,,Kd,cv1,B0,classification,0.0,,,,,,
B*51:01,130,,,,,,,,,,Kd,cv1,B0,classification,0.47692307692307695,0.49762808349146104,0.40775175371872885,0.5832167273059542,0.4752658990284844,0.38991036809514,0.5793723236887833
B*57:01,304,,,,,,,,,,Kd,cv1,B0,classification,0.6381578947368421,0.4905342080599812,0.4278656187417854,0.5511737842406735,0.6364448160774812,0.5752989982830045,0.699553830816722
B*58:01,577,,,,,,,,,,Kd,cv1,B0,classification,0.6776429809358753,0.4830803289057558,0.43545279467535525,0.5310614774331063,0.669424339376165,0.6256831540826496,0.720633901496232
A*01:01,481,,,,,,,,,,Kd,cv1,B1,classification,0.604989604989605,0.3752848616386327,0.3277665034929967,0.4347104258305518,0.5189861583846052,0.46487910980131847,0.5784969311365267
A*02:01,1117,,,,,,,,,,Kd,cv1,B1,classification,0.7618621307072516,0.4034660682257936,0.3576713497878171,0.44708623268116426,0.7122070242908991,0.658207777605809,0.7616650457853804
A*03:01,702,,,,,,,,,,Kd,cv1,B1,classification,0.6068376068376068,0.4699556031843234,0.42282989253128606,0.5090906484911211,0.577714675477647,0.5300318125082777,0.6280954249534182
A*11:01,578,,,,,,,,,,Kd,cv1,B1,classification,0.6660899653979239,0.47946302402260954,0.4316154222484746,0.5341215700163838,0.6453530355118302,0.5940887352496793,0.7075806300893669
A*23:01,126,,,,,,,,,,Kd,cv1,B1,classification,0.8333333333333334,0.27936507936507937,0.17312720653133273,0.4258586538265476,0.7711007903617073,0.6826248332129209,0.8595464625072488
A*24:02,144,,,,,,,,,,Kd,cv1,B1,classification,0.9236111111111112,0.3465481886534518,0.19322192862269194,0.47357284008077993,0.9013210355844667,0.8385758625277889,0.9574946549272702
A*25:01,68,,,,,,,,,,Kd,cv1,B1,classification,0.8823529411764706,0.7041666666666667,0.544454620215311,0.8501612903225807,0.9533985146077849,0.909540540020077,0.9885047908051467
A*26:01,357,,,,,,,,,,Kd,cv1,B1,classification,0.6470588235294118,0.38041984470555895,0.3201573850420469,0.43686786579694625,0.5833632752403826,0.5259877040628085,0.6567939327771072
A*29:02,201,,,,,,,,,,Kd,cv1,B1,classification,0.8955223880597015,0.24933862433862436,0.17418815987933634,0.32662639078295125,0.847681185074056,0.7851201944615145,0.9085988237305921
A*30:01,216,,,,,,,,,,Kd,cv1,B1,classification,0.4212962962962963,0.38087912087912085,0.2955816561949558,0.4573124928799271,0.34247654250001763,0.27986098064929393,0.4238081096656452
A*31:01,528,,,,,,,,,,Kd,cv1,B1,classification,0.6893939393939394,0.4693446797105334,0.4147388453746834,0.5278393586454785,0.6626421160086681,0.6028842539878412,0.7193554813145843
A*68:02,150,,,,,,,,,,Kd,cv1,B1,classification,0.52,0.4776531339031339,0.3954569620253164,0.567685363069384,0.5184515521220794,0.4258307761907667,0.6262283897379141
B*07:02,630,,,,,,,,,,Kd,cv1,B1,classification,0.6317460317460317,0.47875151620169815,0.4304875175097756,0.5211036841447652,0.601890469981712,0.5572678389686296,0.6554405447662766
B*08:01,376,,,,,,,,,,Kd,cv1,B1,classification,0.4734042553191489,0.3841363068891158,0.3313186003157755,0.4306456824967307,0.40087256746046185,0.3500911924424391,0.47618332569094585
B*14:02,10,,,,,,,,,,Kd,cv1,B1,classification,0.5,0.64,0.1889136904761905,1.0,0.6226190476190476,0.3187996031746032,1.0
B*15:01,920,,,,,,,,,,Kd,cv1,B1,classification,0.6380434782608696,0.4022105580879005,0.36796674153949205,0.4394321492582205,0.5804341137774991,0.5437359671834527,0.6242093416387661
B*18:01,260,,,,,,,,,,Kd,cv1,B1,classification,0.5461538461538461,0.4253401766531392,0.35441187652926787,0.4921863744392581,0.4871685254661672,0.43423964142454363,0.5777851806611066
B*27:05,428,,,,,,,,,,Kd,cv1,B1,classification,0.5817757009345794,0.46401247447892124,0.4115920399614613,0.5114455894748592,0.5852723099303285,0.5303896191484663,0.6423407789706289
B*35:01,486,,,,,,,,,,Kd,cv1,B1,classification,0.7242798353909465,0.413574881275441,0.3567108907872143,0.48525047675332594,0.6652203401076069,0.6099041452071274,0.7292672926068652
B*39:01,333,,,,,,,,,,Kd,cv1,B1,classification,0.6786786786786787,0.42972045322967506,0.36362978956623376,0.4990391023111222,0.6451968171752708,0.5830786873399967,0.7166101395459353
B*40:01,370,,,,,,,,,,Kd,cv1,B1,classification,0.7189189189189189,0.46882229612492776,0.40498974615270034,0.5242238159688668,0.6919680097965318,0.626100672998277,0.7584679422639706
B*44:02,14,,,,,,,,,,Kd,cv1,B1,classification,0.0,,,,,,
B*51:01,130,,,,,,,,,,Kd,cv1,B1,classification,0.47692307692307695,0.45635673624288414,0.3542718855218855,0.5510910823942237,0.4472354350666931,0.3674890496186388,0.5880869765010146
B*57:01,304,,,,,,,,,,Kd,cv1,B1,classification,0.6381578947368421,0.383223992502343,0.3112410940636609,0.45089132755493044,0.5508635371905211,0.48171899717614586,0.6270475951570932
B*58:01,577,,,,,,,,,,Kd,cv1,B1,classification,0.6776429809358753,0.3907337128399747,0.3425270426684242,0.4412513043152182,0.602998872508107,0.5581133148102856,0.6561629568742188
A*01:01,481,,,,,,,,,,Kd,cv1,B2,classification,0.604989604989605,0.7875022608066558,0.7426709665810677,0.8323958567833106,0.8326006635455412,0.7707881920624069,0.8785427027747029
A*02:01,1117,,,,,,,,,,Kd,cv1,B2,classification,0.7618621307072516,0.7620402357244462,0.7159076695662062,0.8076287623071108,0.8987340825305314,0.8751074184321413,0.9194502045670742
A*03:01,702,,,,,,,,,,Kd,cv1,B2,classification,0.6068376068376068,0.756225760359257,0.7175776343131071,0.7912379472451565,0.8133551944563219,0.7765588329607818,0.8477213048351652
A*11:01,578,,,,,,,,,,Kd,cv1,B2,classification,0.6660899653979239,0.851005988829823,0.8207406020235558,0.880135851451285,0.9186636682396613,0.8913382233813579,0.9384487897817865
A*23:01,126,,,,,,,,,,Kd,cv1,B2,classification,0.8333333333333334,0.7070294784580499,0.5961492682066655,0.8076482259570494,0.9268943489453858,0.887029938736907,0.9650543284629801
A*24:02,144,,,,,,,,,,Kd,cv1,B2,classification,0.9236111111111112,0.8885850991114149,0.7959695512820514,0.9641091417910448,0.9896292453394882,0.9778941061504195,0.9985473488050103
A*25:01,68,,,,,,,,,,Kd,cv1,B2,classification,0.8823529411764706,0.45,0.20234443522579115,0.7411706857435597,0.8491504344587074,0.7483432702120715,0.9758856169897813
A*26:01,357,,,,,,,,,,Kd,cv1,B2,classification,0.6470588235294118,0.7056277056277057,0.6534960394406442,0.7690442618687453,0.8094257026332717,0.7541797265011935,0.8613761481747438
A*29:02,201,,,,,,,,,,Kd,cv1,B2,classification,0.8955223880597015,0.7071428571428572,0.5887519201228879,0.7965208333333333,0.9548122545524735,0.9251560313371658,0.977060985388881
A*30:01,216,,,,,,,,,,Kd,cv1,B2,classification,0.4212962962962963,0.7441758241758242,0.6627801201270592,0.8170424899319766,0.7232408052463779,0.6106476697823482,0.8040159021228283
A*31:01,528,,,,,,,,,,Kd,cv1,B2,classification,0.6893939393939394,0.8234387563655857,0.7803552842161632,0.8572771636829762,0.9107537455709314,0.8844651485022388,0.933320071972615
A*68:02,150,,,,,,,,,,Kd,cv1,B2,classification,0.52,0.7829415954415955,0.7115658936470208,0.856081081081081,0.8188351660881777,0.7423977542669089,0.8801293294927306
B*07:02,630,,,,,,,,,,Kd,cv1,B2,classification,0.6317460317460317,0.8472210188875411,0.8109483011073587,0.8772215071151881,0.8893202414976087,0.8595782405834006,0.9176888890777317
B*08:01,376,,,,,,,,,,Kd,cv1,B2,classification,0.4734042553191489,0.7468789013732834,0.7011222634777269,0.7969029767347353,0.7129307693924358,0.6372311720484845,0.7888239863332276
B*14:02,10,,,,,,,,,,Kd,cv1,B2,classification,0.5,0.27999999999999997,0.0,0.6666666666666667,0.43238095238095237,0.17142857142857143,0.8646428571428572
B*15:01,920,,,,,,,,,,Kd,cv1,B2,classification,0.6380434782608696,0.7675614285495034,0.7407807839879549,0.7981707415633725,0.8313998846618542,0.796898106098445,0.8648109682672686
B*18:01,260,,,,,,,,,,Kd,cv1,B2,classification,0.5461538461538461,0.6816065886846503,0.6092871259175607,0.7480864279974682,0.7212339639994574,0.6489576511242114,0.8015373535948733
B*27:05,428,,,,,,,,,,Kd,cv1,B2,classification,0.5817757009345794,0.7954948284759148,0.7483108658527365,0.8434119657009225,0.8096334234599465,0.7540216679594482,0.8552508582631987
B*35:01,486,,,,,,,,,,Kd,cv1,B2,classification,0.7242798353909465,0.7568902645861602,0.711408857944942,0.803252294492945,0.8744100059004147,0.8338069115022234,0.9116561884938337
B*39:01,333,,,,,,,,,,Kd,cv1,B2,classification,0.6786786786786787,0.7068067157389794,0.6448901979193645,0.7664831137988022,0.8291691764274948,0.7765231254922282,0.8755320211253487
B*40:01,370,,,,,,,,,,Kd,cv1,B2,classification,0.7189189189189189,0.8551185656448814,0.8127689895555684,0.8978215417289793,0.9297729450463209,0.8923111354923039,0.9581898553112289
B*44:02,14,,,,,,,,,,Kd,cv1,B2,classification,0.0,,,,,,
B*51:01,130,,,,,,,,,,Kd,cv1,B2,classification,0.47692307692307695,0.5569259962049335,0.4496393352952739,0.6526319618954816,0.5026651129598778,0.41388248561617763,0.6260097706865911
B*57:01,304,,,,,,,,,,Kd,cv1,B2,classification,0.6381578947368421,0.7646672914714153,0.7123218876013915,0.8131302039884514,0.8346198849893991,0.7720361325294738,0.8879969105196152
B*58:01,577,,,,,,,,,,Kd,cv1,B2,classification,0.6776429809358753,0.75862827599483,0.7194744597753946,0.7950578530945364,0.8623268679238486,0.8253629226355905,0.8990864799072573
A*01:01,481,,,,,,,,,,Kd,cv1,B3,classification,0.604989604989605,0.7330801229878819,0.6824358211239723,0.7821477362088222,0.7617365096549531,0.6985424371684719,0.8149674230302636
A*02:01,1117,,,,,,,,,,Kd,cv1,B3,classification,0.7618621307072516,0.7243490630218319,0.6904173589921231,0.7666936971865814,0.8809304411808881,0.855085785724118,0.904875230183315
A*03:01,702,,,,,,,,,,Kd,cv1,B3,classification,0.6068376068376068,0.7377951282574675,0.695987823833625,0.7766864454637552,0.7844501494641303,0.7396634107797492,0.8214156585720271
A*11:01,578,,,,,,,,,,Kd,cv1,B3,classification,0.6660899653979239,0.8019245003700963,0.7641162114239036,0.8362857934154214,0.8861368576296387,0.8504839344163911,0.915288200302005
A*23:01,126,,,,,,,,,,Kd,cv1,B3,classification,0.8333333333333334,0.7192743764172336,0.560587381475659,0.8270379023883695,0.917083231644092,0.8636722745018451,0.964684710457519
A*24:02,144,,,,,,,,,,Kd,cv1,B3,classification,0.9236111111111112,0.7491455912508543,0.6027824806772175,0.8866510451227605,0.971932208980135,0.94278895605143,0.9941540771618017
A*25:01,68,,,,,,,,,,Kd,cv1,B3,classification,0.8823529411764706,0.525,0.2966982581967213,0.7627856182795693,0.8936637636015491,0.7963238470889104,0.9802830499587104
A*26:01,357,,,,,,,,,,Kd,cv1,B3,classification,0.6470588235294118,0.663918092489521,0.6097355741282999,0.7234408047332626,0.7777591094041614,0.7139739471208615,0.8375701237930925
A*29:02,201,,,,,,,,,,Kd,cv1,B3,classification,0.8955223880597015,0.6047619047619048,0.43918364016190103,0.7335489417989415,0.920278760818833,0.8699181629853169,0.9645269069808138
A*30:01,216,,,,,,,,,,Kd,cv1,B3,classification,0.4212962962962963,0.7474285714285714,0.6746506481977941,0.8184618618399064,0.7003908454884228,0.5888756209528953,0.7914276896449124
A*31:01,528,,,,,,,,,,Kd,cv1,B3,classification,0.6893939393939394,0.7720115250603055,0.7307199830481349,0.8101832605087348,0.8816335068473538,0.8443416335095483,0.9111265422276045
A*68:02,150,,,,,,,,,,Kd,cv1,B3,classification,0.52,0.6987179487179487,0.6113960169369089,0.7850364336441458,0.7135477881077463,0.6012287535664764,0.8072215817713831
B*07:02,630,,,,,,,,,,Kd,cv1,B3,classification,0.6317460317460317,0.7919987870386415,0.7484929898018905,0.8263931486298153,0.851803516759078,0.8119264117722594,0.8846509223954192
B*08:01,376,,,,,,,,,,Kd,cv1,B3,classification,0.4734042553191489,0.6684258313471796,0.6122907915582467,0.7250673802605804,0.645706065926204,0.5724314539037608,0.7170053690648663
B*14:02,10,,,,,,,,,,Kd,cv1,B3,classification,0.5,0.4,0.0,0.8489999999999995,0.49682539682539684,0.2,0.9157973710317461
B*15:01,920,,,,,,,,,,Kd,cv1,B3,classification,0.6380434782608696,0.7082840932926112,0.6782737325882487,0.7393948845770381,0.7849497139927367,0.742177799947899,0.8260141741563177
B*18:01,260,,,,,,,,,,Kd,cv1,B3,classification,0.5461538461538461,0.6417999522559085,0.5680260047281324,0.7144068273713595,0.694077443796473,0.6154474797177365,0.783627133542629
B*27:05,428,,,,,,,,,,Kd,cv1,B3,classification,0.5817757009345794,0.7366000314105583,0.6863307313294223,0.7879727754974939,0.761377709010631,0.7026820302814696,0.8240138943142339
B*35:01,486,,,,,,,,,,Kd,cv1,B3,classification,0.7242798353909465,0.6711329715061058,0.6152366810998526,0.7329327616700579,0.8245002709765705,0.7745250735822508,0.8689271123011754
B*39:01,333,,,,,,,,,,Kd,cv1,B3,classification,0.6786786786786787,0.6514763046894385,0.588819022174571,0.7224979389329198,0.7853044531060386,0.7258833982416685,0.8391310196737202
B*40:01,370,,,,,,,,,,Kd,cv1,B3,classification,0.7189189189189189,0.8238143435511857,0.7743904317191318,0.8748823276423071,0.9043048827525285,0.8625837593525538,0.9393357710431957
B*44:02,14,,,,,,,,,,Kd,cv1,B3,classification,0.0,,,,,,
B*51:01,130,,,,,,,,,,Kd,cv1,B3,classification,0.47692307692307695,0.5028462998102468,0.4161518555790598,0.5929446140933603,0.4741626799111023,0.3782697795898644,0.604400650807734
B*57:01,304,,,,,,,,,,Kd,cv1,B3,classification,0.6381578947368421,0.7406279287722587,0.6807068176803234,0.8018267112408907,0.8102302267030332,0.745900134862971,0.8718703622096098
B*58:01,577,,,,,,,,,,Kd,cv1,B3,classification,0.6776429809358753,0.7166212908725902,0.6709819411263489,0.7593657610385118,0.8157923105584055,0.7672178685245045,0.865786420795136
A*01:01,481,,,,,,,1.1895483991800015,1.1407197725499827,1.2389346120340348,Kd,cv2,B0,regression,,,,,,,
A*02:01,1117,,,,,,,1.4179535475640723,1.3766314933075816,1.4670574969779104,Kd,cv2,B0,regression,,,,,,,
A*03:01,702,,,,,,,0.9601679205441846,0.917090306024508,1.0027609275238243,Kd,cv2,B0,regression,,,,,,,
A*11:01,578,,,,,,,1.1458328332663996,1.0993251679468494,1.1908774587403204,Kd,cv2,B0,regression,,,,,,,
A*23:01,126,,,,,,,1.44154193590291,1.2546054016126318,1.6053184445789972,Kd,cv2,B0,regression,,,,,,,
A*24:02,144,,,,,,,1.8996045659680818,1.7491551534059215,2.0602412362027662,Kd,cv2,B0,regression,,,,,,,
A*26:01,357,,,,,,,1.1355090591734986,1.077435335411814,1.1918594217002954,Kd,cv2,B0,regression,,,,,,,
A*29:02,201,,,,,,,1.5489603074507574,1.400761891363097,1.6976661569264873,Kd,cv2,B0,regression,,,,,,,
A*30:01,216,,,,,,,1.3802311093476851,1.2988087823204302,1.4687414460184214,Kd,cv2,B0,regression,,,,,,,
A*31:01,528,,,,,,,1.0665158288501035,1.006673365128268,1.1165166874548544,Kd,cv2,B0,regression,,,,,,,
A*68:02,150,,,,,,,1.3244301798620313,1.1832510256961468,1.442749041121346,Kd,cv2,B0,regression,,,,,,,
B*07:02,630,,,,,,,1.1104340546036657,1.068726870935092,1.1567522022398729,Kd,cv2,B0,regression,,,,,,,
B*08:01,376,,,,,,,1.0942330821754551,1.0437735249271687,1.1469751332097606,Kd,cv2,B0,regression,,,,,,,
B*15:01,920,,,,,,,0.856363361920406,0.8154925612277915,0.8895483072025474,Kd,cv2,B0,regression,,,,,,,
B*18:01,260,,,,,,,1.2091303196968912,1.1211572301520498,1.306071331118697,Kd,cv2,B0,regression,,,,,,,
B*27:05,428,,,,,,,0.9610106811064719,0.9062600460239979,1.0270927286111478,Kd,cv2,B0,regression,,,,,,,
B*35:01,486,,,,,,,1.4985391457745858,1.407709951694728,1.5947190156014122,Kd,cv2,B0,regression,,,,,,,
B*39:01,333,,,,,,,1.0304236584499022,0.9665086173413031,1.098750150843085,Kd,cv2,B0,regression,,,,,,,
B*40:01,370,,,,,,,1.214690893708893,1.1584368908816065,1.275074958228429,Kd,cv2,B0,regression,,,,,,,
B*51:01,130,,,,,,,0.8218516229518453,0.7490751520983353,0.8938302223799538,Kd,cv2,B0,regression,,,,,,,
B*57:01,304,,,,,,,0.7767111994740722,0.7211999396524569,0.8310060922996604,Kd,cv2,B0,regression,,,,,,,
B*58:01,577,,,,,,,1.0540948355643707,1.0025880390541162,1.0989112780934505,Kd,cv2,B0,regression,,,,,,,
A*01:01,481,0.2876733297407483,0.1870800381860866,0.36630600094948834,0.21883551122069755,0.09904185030565252,0.3420416497191719,74.31172253896658,73.7163507193809,75.05740465984182,Kd,cv2,B1,regression,,,,,,,
A*02:01,1117,0.19228540631892285,0.12811835709023586,0.26026178255435417,0.1296362670182716,0.06366476931293001,0.21680967865329645,74.81802046639544,74.13875449958623,75.43276896446302,Kd,cv2,B1,regression,,,,,,,
A*03:01,702,0.08256125440826319,0.012440204246630088,0.1606869982843743,0.03811393246718761,-0.03984339209089892,0.13202852665257214,70.9894890354794,70.55376504653391,71.43775331501993,Kd,cv2,B1,regression,,,,,,,
A*11:01,578,0.07911217309331024,-0.00450840496347502,0.16370046642297206,0.07610481444196698,-0.0005207818544635473,0.15681298105915012,68.37772470321582,67.89612821470895,68.94191738127765,Kd,cv2,B1,regression,,,,,,,
A*23:01,126,0.3804897201390369,0.20743499496389708,0.5347069706057439,0.1460141662281818,0.003802003710835555,0.36341310297048374,77.1308678911452,75.40253227915797,78.80267766296394,Kd,cv2,B1,regression,,,,,,,
A*24:02,144,0.1345077083420197,-0.011293931359369415,0.30796110127292736,-0.047944710603347436,-0.2070004515874432,0.11032478644516201,76.86538084395812,75.34704323647082,78.21089427168617,Kd,cv2,B1,regression,,,,,,,
A*26:01,357,0.2208745635939014,0.12895405545324048,0.31772180146626644,0.1088948451797547,-0.00586307570844061,0.2335141242793602,71.91864639853975,71.10249980439592,72.7136040181992,Kd,cv2,B1,regression,,,,,,,
A*29:02,201,0.5647519779712421,0.4596826707284437,0.655989203335282,0.3966128908748532,0.21025587052353853,0.6150867296017993,72.05972448334785,71.10285652611668,72.93794499157484,Kd,cv2,B1,regression,,,,,,,
A*30:01,216,0.1826869091143748,0.05217988008073486,0.3437176828071163,0.17548265216434883,0.08390093662896034,0.26710476236175146,69.08183526588306,68.03921891289538,70.20038406882462,Kd,cv2,B1,regression,,,,,,,
A*31:01,528,0.10993490296192213,0.018977951527958437,0.18795798354422819,0.08206513608138082,-0.0036081025382743155,0.16505567269828297,74.2204355030579,73.7006998816672,74.73943701018887,Kd,cv2,B1,regression,,,,,,,
A*68:02,150,-0.02437976960633951,-0.2008742963464246,0.13197981713287746,-0.07451812367751126,-0.19417761129734332,0.0616491104207527,67.81656846605433,66.37510051885545,69.01181800249942,Kd,cv2,B1,regression,,,,,,,
B*07:02,630,0.06756437242122385,0.0006718906696516334,0.15791520645526913,0.08926852438574992,0.007581744754912468,0.16624850142937628,67.09467819079106,66.53862320442838,67.63756975454518,Kd,cv2,B1,regression,,,,,,,
B*08:01,376,0.27195826475486784,0.1708200753743036,0.36509479733255223,0.2618437029597299,0.17521885744595073,0.34613473225217756,75.33801404232291,74.6741695922611,75.951646228178,Kd,cv2,B1,regression,,,,,,,
B*15:01,920,0.22005720301715803,0.15470832544622218,0.2742436240588332,0.15627332509349762,0.09594765830399446,0.22130486943756333,74.97149674306579,74.4668667077309,75.47857966516864,Kd,cv2,B1,regression,,,,,,,
B*18:01,260,0.15662107881884532,0.0254148118399296,0.2746445826003869,0.08571417836073635,-0.061626039338498646,0.2250610144692894,69.99983594906789,68.90866684724976,71.04619021250731,Kd,cv2,B1,regression,,,,,,,
B*27:05,428,0.14040445516514666,0.05363250669799438,0.22689142902355078,0.025986533483148493,-0.05549123339074812,0.10427917602759461,70.65697773994617,69.71999330617773,71.60642219238784,Kd,cv2,B1,regression,,,,,,,
B*35:01,486,0.1357644445157923,0.037008009615141405,0.22462605846504027,0.14584738656128987,0.057357751381807986,0.22029540541897122,71.3050868948413,70.57731220639967,71.87579977397314,Kd,cv2,B1,regression,,,,,,,
B*39:01,333,0.23736833951572694,0.13314702269637727,0.33951809192851423,0.12198671486889329,0.002041782302642058,0.28463401442140085,72.0315487210128,71.39704114327971,72.8070445010965,Kd,cv2,B1,regression,,,,,,,
B*40:01,370,0.0743258446432218,-0.02090780354865224,0.17418249520716897,0.06069817121923028,-0.016924519766496223,0.14239442042547162,64.90273595671428,64.27869230836171,65.59226318641372,Kd,cv2,B1,regression,,,,,,,
B*51:01,130,0.08961750126316077,-0.10916726120685977,0.2869401106727201,0.1229420288291977,-0.06429193226413696,0.33255202843430803,72.82569954600841,71.77649395452839,73.96286530632528,Kd,cv2,B1,regression,,,,,,,
B*57:01,304,0.1947598810043908,0.09000926259464954,0.31223461812023207,0.2065069118744074,0.10545381250866631,0.3266091691439097,76.29784601625654,75.55903496446861,77.1409678968057,Kd,cv2,B1,regression,,,,,,,
B*58:01,577,0.22089551879917269,0.13429936438587167,0.2994301582211537,0.2290280505360438,0.16228898469699343,0.29780579417980657,75.39558725822252,74.94194337481592,75.97845000029993,Kd,cv2,B1,regression,,,,,,,
A*01:01,481,-0.06905191781797604,-0.1706458475447386,0.024993107324937248,-0.06325015313334631,-0.15296651689136911,0.0426089630634625,1.3297018493982364,1.255284230811069,1.3993109740644476,Kd,cv2,B2,regression,,,,,,,
A*02:01,1117,0.0741219646220859,0.0037222258577469325,0.1426578855575432,0.08511399195541557,0.01463657964211719,0.14927519046590765,1.555017064402117,1.5084394566917825,1.6047199880094911,Kd,cv2,B2,regression,,,,,,,
A*03:01,702,0.2972441087080049,0.23294977756366692,0.3725312878080929,0.31409558611707444,0.24846272596939206,0.3785477129346139,0.9387692767437015,0.8941278693127592,0.9803009314404068,Kd,cv2,B2,regression,,,,,,,
A*11:01,578,0.3459041682521832,0.26452818685634905,0.41375397365373384,0.3522886713910623,0.2689963472759354,0.42061691187967587,1.0775364443407394,1.030834088673075,1.1187990816173379,Kd,cv2,B2,regression,,,,,,,
A*23:01,126,0.28244605520660304,0.1132277874706224,0.4070276648768651,0.2993139279196354,0.13875857280367374,0.4541707293807188,1.447687987788591,1.2587062352197997,1.6123009209079389,Kd,cv2,B2,regression,,,,,,,
A*24:02,144,0.04546109578449338,-0.10042345903804188,0.21317815178210858,0.12711537958696523,-0.060148132817797836,0.31498828402371387,1.9863878734418141,1.8138853218009656,2.1684335932402776,Kd,cv2,B2,regression,,,,,,,
A*26:01,357,0.15167115576780463,0.04868566015308882,0.24723600526192296,0.16963178827012798,0.0735943411322999,0.2717263323619847,1.1517041455487318,1.0908013569315107,1.218959508424179,Kd,cv2,B2,regression,,,,,,,
A*29:02,201,-0.0214527298102947,-0.14942052854997306,0.10642246033672055,-0.019705474170666103,-0.15606213478670752,0.09480688952326277,1.5621597692716422,1.4162422134351589,1.7145439954330919,Kd,cv2,B2,regression,,,,,,,
A*30:01,216,0.1507811358073323,0.020812846530105213,0.29571849133269607,0.13626753196650318,-0.009002944603198051,0.2643416698532622,1.3135663298907274,1.2129033123605837,1.4156082590084857,Kd,cv2,B2,regression,,,,,,,
A*31:01,528,0.1360871387092306,0.051398950042025486,0.22616493112808275,0.1662038728941334,0.08105053247886457,0.26411995476412525,1.0813375416895987,1.024566480403085,1.135966884557798,Kd,cv2,B2,regression,,,,,,,
A*68:02,150,0.09103578677294145,-0.06376072593751456,0.2608761829657608,0.031054720277430253,-0.12486304163946739,0.1796904781243507,1.3854989946818028,1.2317606361456372,1.526139466405,Kd,cv2,B2,regression,,,,,,,
B*07:02,630,0.04791463703770294,-0.027360430639605363,0.12787911619388434,0.05556682102406784,-0.029700690408649148,0.12795303093838656,1.1659432414428215,1.124801534444037,1.2111883527507494,Kd,cv2,B2,regression,,,,,,,
B*08:01,376,0.18466854808271588,0.08210266259075773,0.2983158968085306,0.20058046093711673,0.0845004623257216,0.3132324048675931,1.0511448048223884,0.9931836680407662,1.115186079805457,Kd,cv2,B2,regression,,,,,,,
B*15:01,920,0.009696434847657767,-0.048695744440166555,0.07639321488219938,0.02590879132230256,-0.030654207328928398,0.08682439749796361,0.906098414364718,0.8615885822918761,0.9436947422149469,Kd,cv2,B2,regression,,,,,,,
B*18:01,260,0.19446351996328057,0.08304035153832946,0.29222195974372195,0.19378678756124296,0.06867496111825042,0.2866810816653378,1.2082019537800766,1.1108680064236736,1.3196940374619255,Kd,cv2,B2,regression,,,,,,,
B*27:05,428,-0.27120355321570216,-0.3691533943677917,-0.18244456502290282,-0.26566011096876035,-0.34473176247139437,-0.1854824461457465,1.2028544869484137,1.1349901521894752,1.2642432382290114,Kd,cv2,B2,regression,,,,,,,
B*35:01,486,0.241367544778255,0.16403040692345963,0.3298717636219657,0.2621488922139754,0.17566860537831794,0.3425132523513503,1.4982011070225154,1.398527066996614,1.5853200560715028,Kd,cv2,B2,regression,,,,,,,
B*39:01,333,0.08177998489786636,-0.015481439002046845,0.20057706139151898,0.13127911608500525,0.02229605618694413,0.23927595113590672,1.1467535847850958,1.0744211940093933,1.220437778413183,Kd,cv2,B2,regression,,,,,,,
B*40:01,370,0.11316940004704756,0.006812080585774026,0.2088635018346114,0.09593672997821182,-0.003863883433753105,0.19157424139665297,1.3227497385495262,1.2506596897016253,1.3989767961696242,Kd,cv2,B2,regression,,,,,,,
B*51:01,130,-0.054593125674254735,-0.22162859592555556,0.12104438377220636,-0.04400568418999039,-0.219479901178245,0.10431896779802588,1.1619750488385676,1.0376799610484708,1.270324043297472,Kd,cv2,B2,regression,,,,,,,
B*57:01,304,0.3969962984447741,0.30749664729008364,0.488297435425077,0.3960602562231117,0.30697887737986573,0.4806692981006401,0.765684349045433,0.7056263712683755,0.8218253089139431,Kd,cv2,B2,regression,,,,,,,
B*58:01,577,0.13351115209597966,0.0503344764172502,0.21784193466947224,0.13960530448816985,0.053604003540384325,0.21676099260494366,1.0734632332816363,1.0255552417627378,1.1177594336453658,Kd,cv2,B2,regression,,,,,,,
A*01:01,481,0.04975966229980305,-0.04958233839477717,0.13919137897589465,0.04615719846935676,-0.055591973878057824,0.15210744742201482,1.2502962583528863,1.1938153054039917,1.3131702103218614,Kd,cv2,B3,regression,,,,,,,
A*02:01,1117,0.11808693964301484,0.04837864094774848,0.19768956581520938,0.1229186398090442,0.03741903505294976,0.20616964065040186,1.5049100234977686,1.4487443261446185,1.554549753272329,Kd,cv2,B3,regression,,,,,,,
A*03:01,702,0.21858941087477998,0.16210568426828054,0.28995421236451835,0.22638230669246584,0.1553672505161226,0.29055617255459976,0.9552112662410737,0.9071163321781734,0.9965294693163637,Kd,cv2,B3,regression,,,,,,,
A*11:01,578,0.2196846706325552,0.1438222516355199,0.3043664967733845,0.22886704299291943,0.14192049673497045,0.308472195087616,1.1379332253662464,1.0894719824784143,1.1874504656608305,Kd,cv2,B3,regression,,,,,,,
A*23:01,126,0.34354442577830707,0.17479662402967291,0.4808364611224472,0.3407129635552082,0.16592301070318155,0.48481401387720463,1.3383447005383593,1.1544909078192975,1.51006519754118,Kd,cv2,B3,regression,,,,,,,
A*24:02,144,0.18081924834311722,0.01958867875027327,0.3474794171255754,0.20341400216684863,0.0463578944914393,0.3546904081652188,1.8664462461004103,1.7174674520769202,2.0141105432450574,Kd,cv2,B3,regression,,,,,,,
A*26:01,357,0.13827057667031628,0.04051588101941534,0.23111918692439806,0.1705805529886139,0.0738848133730747,0.2667597169679092,1.154340421619491,1.0932848201880176,1.2199450431665861,Kd,cv2,B3,regression,,,,,,,
A*29:02,201,0.28376450277936976,0.15442119441585117,0.39961112307303964,0.28233383956358515,0.17396402949379602,0.4017658335085093,1.520572194045039,1.3768970858739602,1.6526929574970322,Kd,cv2,B3,regression,,,,,,,
A*30:01,216,0.17969859610327274,0.025972664684772162,0.32645636897143077,0.164214006594755,0.020431941879193293,0.2831875215245793,1.3159290049672618,1.2212146749084682,1.4102093597278689,Kd,cv2,B3,regression,,,,,,,
A*31:01,528,0.13661728523935285,0.05335858148913337,0.2150128379982426,0.15081117946892697,0.0750271413149381,0.23878890755335563,1.0852078928152755,1.023991443034939,1.1373198207784954,Kd,cv2,B3,regression,,,,,,,
A*68:02,150,0.11362087206381559,-0.03503734434759024,0.29173941117794394,0.08004260606660954,-0.07344986086599106,0.22190302228008077,1.37347574396868,1.2067196081382365,1.5229125007533653,Kd,cv2,B3,regression,,,,,,,
B*07:02,630,0.07196102728136919,-0.0020222850649963134,0.14905543841490976,0.07448565362585308,-0.00783675001447361,0.14393482226018656,1.1594235207757004,1.1131323309756704,1.2050119728239408,Kd,cv2,B3,regression,,,,,,,
B*08:01,376,0.2637228479043149,0.15934144747198895,0.35494852584441344,0.2831198186819254,0.18512298097660376,0.37486008712419006,1.1115524708814495,1.0501304123806332,1.1713930894139746,Kd,cv2,B3,regression,,,,,,,
B*15:01,920,0.18170217879644956,0.12455533043258879,0.243327628458512,0.17815977869954142,0.12266203032348386,0.2370247351031727,0.8749191512799346,0.8292540710694992,0.9127072227428079,Kd,cv2,B3,regression,,,,,,,
B*18:01,260,0.1187649819359077,-0.013930775465577626,0.2261987271164636,0.10309806372170148,-0.0024941650846875586,0.21471498159514135,1.246835827586562,1.1623633364650594,1.3583314827174133,Kd,cv2,B3,regression,,,,,,,
B*27:05,428,-0.22004980088273968,-0.3132782445276578,-0.12367919175035963,-0.22389288517548192,-0.3032372774847835,-0.14342146798097552,1.1782025386361454,1.1224312851001654,1.244835795543487,Kd,cv2,B3,regression,,,,,,,
B*35:01,486,0.18683633724275636,0.09285855060523503,0.28001190203881393,0.20175708373257978,0.10736702009131728,0.2811464134147973,1.5505921645630092,1.4475510675041396,1.6428950680119687,Kd,cv2,B3,regression,,,,,,,
B*39:01,333,0.12643754737029358,0.0375576868410493,0.2285058695009488,0.14682027285823132,0.04418551865452222,0.24539170851647074,1.1450403322393798,1.0695280547863608,1.2239575409808374,Kd,cv2,B3,regression,,,,,,,
B*40:01,370,0.19018666274827936,0.08621444016244044,0.2942746115003061,0.1728383990128599,0.08785934204434734,0.27495632890557486,1.3389619486817452,1.2669116104320668,1.4137339848349906,Kd,cv2,B3,regression,,,,,,,
B*51:01,130,-0.003575086372885059,-0.17631520278615842,0.17525488783059875,0.07398457688856258,-0.09895402646499844,0.2600263023291916,1.0876210824451074,0.9841224927744502,1.1778434216239881,Kd,cv2,B3,regression,,,,,,,
B*57:01,304,0.2966256730587138,0.18445109428334044,0.39618720669913404,0.3036717302212292,0.1851060775073359,0.40990323488552877,0.7981419015257386,0.7372244676189035,0.8612682063152117,Kd,cv2,B3,regression,,,,,,,
B*58:01,577,0.17349573004521415,0.0933302965392524,0.24554689969632207,0.1827929982633306,0.09576320870981034,0.2612039213461374,1.0550269972119886,1.0051943513953758,1.1052761239506037,Kd,cv2,B3,regression,,,,,,,
A*01:01,481,,,,,,,,,,Kd,cv2,B0,classification,0.604989604989605,0.5,0.5,0.5,0.604989604989605,0.5517850378787879,0.652319922128488
A*02:01,1117,,,,,,,,,,Kd,cv2,B0,classification,0.7618621307072516,0.5,0.5,0.5,0.7618621307072516,0.7324264077446501,0.7892897560820388
A*03:01,702,,,,,,,,,,Kd,cv2,B0,classification,0.6068376068376068,0.5,0.5,0.5,0.6068376068376068,0.5722363215492522,0.6457612273928064
A*11:01,578,,,,,,,,,,Kd,cv2,B0,classification,0.6660899653979239,0.5,0.5,0.5,0.6660899653979239,0.6215829705376127,0.7059658770746209
A*23:01,126,,,,,,,,,,Kd,cv2,B0,classification,0.8333333333333334,0.5,0.5,0.5,0.8333333333333334,0.7627952755905512,0.8964333333333333
A*24:02,144,,,,,,,,,,Kd,cv2,B0,classification,0.9236111111111112,0.5,0.5,0.5,0.9236111111111112,0.8798359304764759,0.9658757338551859
A*26:01,357,,,,,,,,,,Kd,cv2,B0,classification,0.6470588235294118,0.5,0.5,0.5,0.6470588235294118,0.6018421052631578,0.6983240223463687
A*29:02,201,,,,,,,,,,Kd,cv2,B0,classification,0.8955223880597015,0.5,0.5,0.5,0.8955223880597015,0.8553426616915423,0.9354914782523028
A*30:01,216,,,,,,,,,,Kd,cv2,B0,classification,0.4212962962962963,0.5,0.5,0.5,0.4212962962962963,0.35526315789473684,0.4804826901733115
A*31:01,528,,,,,,,,,,Kd,cv2,B0,classification,0.6893939393939394,0.5,0.5,0.5,0.6893939393939394,0.6458397832817337,0.726803132595193
A*68:02,150,,,,,,,,,,Kd,cv2,B0,classification,0.52,0.5,0.5,0.5,0.52,0.439159549689441,0.603239410221167
B*07:02,630,,,,,,,,,,Kd,cv2,B0,classification,0.6317460317460317,0.5,0.5,0.5,0.6317460317460317,0.5890391713851539,0.6705989138619173
B*08:01,376,,,,,,,,,,Kd,cv2,B0,classification,0.4734042553191489,0.5,0.5,0.5,0.4734042553191489,0.42475017376132995,0.5253193701723113
B*15:01,920,,,,,,,,,,Kd,cv2,B0,classification,0.6380434782608696,0.5,0.5,0.5,0.6380434782608696,0.6070710002607109,0.6692366466979948
B*18:01,260,,,,,,,,,,Kd,cv2,B0,classification,0.5461538461538461,0.5,0.5,0.5,0.5461538461538461,0.49488084658174514,0.6125461254612546
B*27:05,428,,,,,,,,,,Kd,cv2,B0,classification,0.5817757009345794,0.5,0.5,0.5,0.5817757009345794,0.5350938967136151,0.6183095849238734
B*35:01,486,,,,,,,,,,Kd,cv2,B0,classification,0.7242798353909465,0.5,0.5,0.5,0.7242798353909465,0.6823770491803278,0.7627029639175257
B*39:01,333,,,,,,,,,,Kd,cv2,B0,classification,0.6786786786786787,0.5,0.5,0.5,0.6786786786786787,0.6336336336336337,0.7299136501796076
B*40:01,370,,,,,,,,,,Kd,cv2,B0,classification,0.7189189189189189,0.5,0.5,0.5,0.7189189189189189,0.6711764253486465,0.7614716981132075
B*51:01,130,,,,,,,,,,Kd,cv2,B0,classification,0.47692307692307695,0.5,0.5,0.5,0.47692307692307695,0.40448504983388706,0.5594344608879491
B*57:01,304,,,,,,,,,,Kd,cv2,B0,classification,0.6381578947368421,0.5,0.5,0.5,0.6381578947368421,0.5845243174061433,0.6923437587422369
B*58:01,577,,,,,,,,,,Kd,cv2,B0,classification,0.6776429809358753,0.5,0.5,0.5,0.6776429809358753,0.6365909090909091,0.7142857142857143
A*01:01,481,,,,,,,,,,Kd,cv2,B1,classification,0.604989604989605,0.3752848616386327,0.3277665034929967,0.4347104258305518,0.5189861583846052,0.46487910980131847,0.5784969311365267
A*02:01,1117,,,,,,,,,,Kd,cv2,B1,classification,0.7618621307072516,0.4034660682257936,0.3576713497878171,0.44708623268116426,0.7122070242908991,0.658207777605809,0.7616650457853804
A*03:01,702,,,,,,,,,,Kd,cv2,B1,classification,0.6068376068376068,0.4699556031843234,0.42282989253128606,0.5090906484911211,0.577714675477647,0.5300318125082777,0.6280954249534182
A*11:01,578,,,,,,,,,,Kd,cv2,B1,classification,0.6660899653979239,0.47946302402260954,0.4316154222484746,0.5341215700163838,0.6453530355118302,0.5940887352496793,0.7075806300893669
A*23:01,126,,,,,,,,,,Kd,cv2,B1,classification,0.8333333333333334,0.27936507936507937,0.17312720653133273,0.4258586538265476,0.7711007903617073,0.6826248332129209,0.8595464625072488
A*24:02,144,,,,,,,,,,Kd,cv2,B1,classification,0.9236111111111112,0.3465481886534518,0.19322192862269194,0.47357284008077993,0.9013210355844667,0.8385758625277889,0.9574946549272702
A*26:01,357,,,,,,,,,,Kd,cv2,B1,classification,0.6470588235294118,0.38041984470555895,0.3201573850420469,0.43686786579694625,0.5833632752403826,0.5259877040628085,0.6567939327771072
A*29:02,201,,,,,,,,,,Kd,cv2,B1,classification,0.8955223880597015,0.24933862433862436,0.17418815987933634,0.32662639078295125,0.847681185074056,0.7851201944615145,0.9085988237305921
A*30:01,216,,,,,,,,,,Kd,cv2,B1,classification,0.4212962962962963,0.38087912087912085,0.2955816561949558,0.4573124928799271,0.34247654250001763,0.27986098064929393,0.4238081096656452
A*31:01,528,,,,,,,,,,Kd,cv2,B1,classification,0.6893939393939394,0.4693446797105334,0.4147388453746834,0.5278393586454785,0.6626421160086681,0.6028842539878412,0.7193554813145843
A*68:02,150,,,,,,,,,,Kd,cv2,B1,classification,0.52,0.4776531339031339,0.3954569620253164,0.567685363069384,0.5184515521220794,0.4258307761907667,0.6262283897379141
B*07:02,630,,,,,,,,,,Kd,cv2,B1,classification,0.6317460317460317,0.47875151620169815,0.4304875175097756,0.5211036841447652,0.601890469981712,0.5572678389686296,0.6554405447662766
B*08:01,376,,,,,,,,,,Kd,cv2,B1,classification,0.4734042553191489,0.3841363068891158,0.3313186003157755,0.4306456824967307,0.40087256746046185,0.3500911924424391,0.47618332569094585
B*15:01,920,,,,,,,,,,Kd,cv2,B1,classification,0.6380434782608696,0.4022105580879005,0.36796674153949205,0.4394321492582205,0.5804341137774991,0.5437359671834527,0.6242093416387661
B*18:01,260,,,,,,,,,,Kd,cv2,B1,classification,0.5461538461538461,0.4253401766531392,0.35441187652926787,0.4921863744392581,0.4871685254661672,0.43423964142454363,0.5777851806611066
B*27:05,428,,,,,,,,,,Kd,cv2,B1,classification,0.5817757009345794,0.46401247447892124,0.4115920399614613,0.5114455894748592,0.5852723099303285,0.5303896191484663,0.6423407789706289
B*35:01,486,,,,,,,,,,Kd,cv2,B1,classification,0.7242798353909465,0.413574881275441,0.3567108907872143,0.48525047675332594,0.6652203401076069,0.6099041452071274,0.7292672926068652
B*39:01,333,,,,,,,,,,Kd,cv2,B1,classification,0.6786786786786787,0.42972045322967506,0.36362978956623376,0.4990391023111222,0.6451968171752708,0.5830786873399967,0.7166101395459353
B*40:01,370,,,,,,,,,,Kd,cv2,B1,classification,0.7189189189189189,0.46882229612492776,0.40498974615270034,0.5242238159688668,0.6919680097965318,0.626100672998277,0.7584679422639706
B*51:01,130,,,,,,,,,,Kd,cv2,B1,classification,0.47692307692307695,0.45635673624288414,0.3542718855218855,0.5510910823942237,0.4472354350666931,0.3674890496186388,0.5880869765010146
B*57:01,304,,,,,,,,,,Kd,cv2,B1,classification,0.6381578947368421,0.383223992502343,0.3112410940636609,0.45089132755493044,0.5508635371905211,0.48171899717614586,0.6270475951570932
B*58:01,577,,,,,,,,,,Kd,cv2,B1,classification,0.6776429809358753,0.3907337128399747,0.3425270426684242,0.4412513043152182,0.602998872508107,0.5581133148102856,0.6561629568742188
A*01:01,481,,,,,,,,,,Kd,cv2,B2,classification,0.604989604989605,0.4538071984083921,0.40032513724646757,0.5030070038748711,0.5939440357296613,0.5378346826517663,0.6627236958948126
A*02:01,1117,,,,,,,,,,Kd,cv2,B2,classification,0.7618621307072516,0.4961478313881059,0.4582619433439316,0.5314095382143006,0.7525361960421508,0.7128520486706407,0.7930910421471198
A*03:01,702,,,,,,,,,,Kd,cv2,B2,classification,0.6068376068376068,0.6388208477920665,0.5999343693371986,0.6814283903513555,0.7096068884387979,0.6589406260657528,0.7611481499427689
A*11:01,578,,,,,,,,,,Kd,cv2,B2,classification,0.6660899653979239,0.6784200255702846,0.6320254177938912,0.7232727597065164,0.8065466895955321,0.7566182979382285,0.8489434440027358
A*23:01,126,,,,,,,,,,Kd,cv2,B2,classification,0.8333333333333334,0.6897959183673469,0.5635123497192462,0.7994405083220872,0.9183149535280345,0.8651939353744625,0.9622753899227815
A*24:02,144,,,,,,,,,,Kd,cv2,B2,classification,0.9236111111111112,0.6616541353383458,0.46990021483491634,0.8360369101978691,0.9586648621271912,0.919822579027897,0.9896804396659526
A*26:01,357,,,,,,,,,,Kd,cv2,B2,classification,0.6470588235294118,0.6123136123136124,0.555684754639003,0.6713224018570466,0.7522223810976703,0.693971828339173,0.8130981514504327
A*29:02,201,,,,,,,,,,Kd,cv2,B2,classification,0.8955223880597015,0.4216931216931217,0.3033351968780146,0.535273659127722,0.883539827571118,0.8289388245005174,0.9340598487792957
A*30:01,216,,,,,,,,,,Kd,cv2,B2,classification,0.4212962962962963,0.6924835164835165,0.6123113514755748,0.7662464430666706,0.5889043866261026,0.4910809803818406,0.705465909416814
A*31:01,528,,,,,,,,,,Kd,cv2,B2,classification,0.6893939393939394,0.576135754489413,0.5320006641524954,0.6242443082861838,0.7714898690816021,0.7197863079988321,0.8163721297458982
A*68:02,150,,,,,,,,,,Kd,cv2,B2,classification,0.52,0.5083689458689458,0.41797768963623677,0.6037981965174128,0.5289348246298857,0.43984007967323185,0.6596267616302145
B*07:02,630,,,,,,,,,,Kd,cv2,B2,classification,0.6317460317460317,0.46362198925662795,0.41855244762679167,0.5041609978667262,0.6301081182940411,0.5781168480298652,0.6842405406924572
B*08:01,376,,,,,,,,,,Kd,cv2,B2,classification,0.4734042553191489,0.5669901259788901,0.5036015367025167,0.6225999713218822,0.5511790000651315,0.47484403415619875,0.6347856851167727
B*15:01,920,,,,,,,,,,Kd,cv2,B2,classification,0.6380434782608696,0.5001764967693417,0.464886276773085,0.5360752641095509,0.6520712071537216,0.6088301627123316,0.6972890954569155
B*18:01,260,,,,,,,,,,Kd,cv2,B2,classification,0.5461538461538461,0.5561589878252566,0.48255906393802506,0.6304666149800312,0.6224703106683307,0.555028804392894,0.7262548915085253
B*27:05,428,,,,,,,,,,Kd,cv2,B2,classification,0.5817757009345794,0.3312467748087321,0.2749324090086826,0.38184699173839215,0.4953877400357309,0.4414888271414556,0.5649054410498667
B*35:01,486,,,,,,,,,,Kd,cv2,B2,classification,0.7242798353909465,0.6242791723202171,0.5678214912065349,0.6869371606246674,0.7921786225738778,0.7425013199366979,0.8407496576260751
B*39:01,333,,,,,,,,,,Kd,cv2,B2,classification,0.6786786786786787,0.49230832850880824,0.4364083431710603,0.5568422562780295,0.7081116047278009,0.6484414404413378,0.7644388023249219
B*40:01,370,,,,,,,,,,Kd,cv2,B2,classification,0.7189189189189189,0.4596226142278774,0.39483031106278565,0.52616024146287,0.6740691687609198,0.6214779673432895,0.740340043870252
B*51:01,130,,,,,,,,,,Kd,cv2,B2,classification,0.47692307692307695,0.5429316888045541,0.4378885523085452,0.6375162424717432,0.5293091353909426,0.433841769197733,0.6610320045788146
B*57:01,304,,,,,,,,,,Kd,cv2,B2,classification,0.6381578947368421,0.6596532333645735,0.597296115376891,0.7177705718659784,0.7595910783455051,0.7035570233525038,0.8241908247547842
B*58:01,577,,,,,,,,,,Kd,cv2,B2,classification,0.6776429809358753,0.5854852459918048,0.5378666759411415,0.6396916878643558,0.7237463598309555,0.6813402249568431,0.7815425440239262
A*01:01,481,,,,,,,,,,Kd,cv2,B3,classification,0.604989604989605,0.5289021522879362,0.4741505036061447,0.5805028913905244,0.6430978028408632,0.5833625771120006,0.7107872364927903
A*02:01,1117,,,,,,,,,,Kd,cv2,B3,classification,0.7618621307072516,0.5414859121952944,0.5106135466832551,0.5837041455119439,0.7860454798399836,0.7501562491217231,0.8189731636570154
A*03:01,702,,,,,,,,,,Kd,cv2,B3,classification,0.6068376068376068,0.6199139280125195,0.5810642885599219,0.6631279645224422,0.7124883786653287,0.6610645449397566,0.757451806551332
A*11:01,578,,,,,,,,,,Kd,cv2,B3,classification,0.6660899653979239,0.635583069779961,0.5903025769091902,0.6835187356101345,0.7817238377345836,0.7333486296886018,0.8254189448161409
A*23:01,126,,,,,,,,,,Kd,cv2,B3,classification,0.8333333333333334,0.765079365079365,0.6366681113521429,0.8510300559633964,0.938296000210709,0.8838873057443442,0.9762190694637097
A*24:02,144,,,,,,,,,,Kd,cv2,B3,classification,0.9236111111111112,0.543403964456596,0.36343026877199536,0.7072997416020672,0.9411107084334824,0.8950627438897839,0.981090110374018
A*26:01,357,,,,,,,,,,Kd,cv2,B3,classification,0.6470588235294118,0.5848278705421563,0.5278522153232302,0.6514938339289036,0.719169616391254,0.6640979311789644,0.7782476278243025
A*29:02,201,,,,,,,,,,Kd,cv2,B3,classification,0.8955223880597015,0.5806878306878307,0.45598734740075997,0.6967748435276486,0.9187888616861677,0.8726894120933392,0.9590894426702338
A*30:01,216,,,,,,,,,,Kd,cv2,B3,classification,0.4212962962962963,0.6313846153846153,0.5543611121916642,0.7079249081559793,0.5337706004294835,0.44631579100600377,0.6324717338376125
A*31:01,528,,,,,,,,,,Kd,cv2,B3,classification,0.6893939393939394,0.5668889037791477,0.5254504334262963,0.6178543710419113,0.7357619814961165,0.6804874845316586,0.7897689797656291
A*68:02,150,,,,,,,,,,Kd,cv2,B3,classification,0.52,0.5347222222222222,0.4451189929000333,0.6283949639841033,0.5610024633802071,0.45965499381624086,0.6695319688299681
B*07:02,630,,,,,,,,,,Kd,cv2,B3,classification,0.6317460317460317,0.48456723271530067,0.43752731007414847,0.5293978124160374,0.6269897336126383,0.5757151133098749,0.6822663687291345
B*08:01,376,,,,,,,,,,Kd,cv2,B3,classification,0.4734042553191489,0.6107138803768017,0.5478108043839967,0.6634674077643172,0.6209148080314391,0.541766168204457,0.6933864764657313
B*15:01,920,,,,,,,,,,Kd,cv2,B3,classification,0.6380434782608696,0.559203155455285,0.527587495994373,0.5939612721370328,0.6864438923712646,0.6418723199582529,0.7301534119731984
B*18:01,260,,,,,,,,,,Kd,cv2,B3,classification,0.5461538461538461,0.5151587491047983,0.43770134770889485,0.6059951824526584,0.5637081241676585,0.49859993898075555,0.6709345714820896
B*27:05,428,,,,,,,,,,Kd,cv2,B3,classification,0.5817757009345794,0.3584842161943865,0.29656223050972685,0.41064612218604446,0.48931532852158804,0.4349763268478428,0.5505355032023145
B*35:01,486,,,,,,,,,,Kd,cv2,B3,classification,0.7242798353909465,0.605325644504749,0.5481425763087333,0.662183654229168,0.7989496486158698,0.7535486514556984,0.8411755829833057
B*39:01,333,,,,,,,,,,Kd,cv2,B3,classification,0.6786786786786787,0.5461500289471507,0.4847765923487742,0.6060897646387491,0.7068648779002287,0.6479361680875235,0.77364709138707
B*40:01,370,,,,,,,,,,Kd,cv2,B3,classification,0.7189189189189189,0.5347744360902256,0.46541081822167,0.610000028982987,0.7441180386439172,0.6835816461733621,0.8058453555490473
B*51:01,130,,,,,,,,,,Kd,cv2,B3,classification,0.47692307692307695,0.566888045540797,0.4667010467569227,0.6584660505405313,0.5654820136675965,0.4597960299882017,0.7099453935235394
B*57:01,304,,,,,,,,,,Kd,cv2,B3,classification,0.6381578947368421,0.647282099343955,0.5843633402333596,0.7114864682276959,0.7630486594222257,0.7000966750419899,0.8305739614606384
B*58:01,577,,,,,,,,,,Kd,cv2,B3,classification,0.6776429809358753,0.5879327888238044,0.5400778700892487,0.6409700595401236,0.7342029347955557,0.6872358593398471,0.7907295104164607
A*01:01,99,,,,,,,1.2733294811820066,1.1455063744238707,1.394576545851736,Kd,cv3,B0,regression,,,,,,,
A*02:01,199,,,,,,,1.4357562590878352,1.3412504590404846,1.5272311375322145,Kd,cv3,B0,regression,,,,,,,
A*03:01,118,,,,,,,0.992141056528743,0.8940525740658487,1.090508401291251,Kd,cv3,B0,regression,,,,,,,
A*11:01,118,,,,,,,1.1800950165270359,1.0699226959980912,1.2936505144995005,Kd,cv3,B0,regression,,,,,,,
A*23:01,22,,,,,,,1.339844010234572,0.974992356609264,1.6682052638771663,Kd,cv3,B0,regression,,,,,,,
A*24:02,25,,,,,,,2.1476573646189077,1.807211382213573,2.4668637180975717,Kd,cv3,B0,regression,,,,,,,
A*25:01,12,,,,,,,1.2500625823704339,1.0393028550495262,1.4845790584228653,Kd,cv3,B0,regression,,,,,,,
A*26:01,79,,,,,,,1.1468391029963025,1.0149149177100858,1.279316222506327,Kd,cv3,B0,regression,,,,,,,
A*29:02,46,,,,,,,1.5352228245564497,1.22644710208358,1.8300858435841123,Kd,cv3,B0,regression,,,,,,,
A*30:01,44,,,,,,,1.369412551880491,1.154493920109181,1.5078191214349943,Kd,cv3,B0,regression,,,,,,,
A*31:01,90,,,,,,,1.0145821563596686,0.8875919822024299,1.1390412589648433,Kd,cv3,B0,regression,,,,,,,
A*68:02,39,,,,,,,1.1319848760097284,0.9054430238263949,1.3216651761038785,Kd,cv3,B0,regression,,,,,,,
B*07:02,118,,,,,,,1.1326264913444988,1.032561578144146,1.2350409407526652,Kd,cv3,B0,regression,,,,,,,
B*08:01,70,,,,,,,1.1350342516403271,0.9901054802561238,1.2524098687197622,Kd,cv3,B0,regression,,,,,,,
B*15:01,185,,,,,,,0.7719452821076364,0.6940522109302114,0.8425669363850876,Kd,cv3,B0,regression,,,,,,,
B*18:01,48,,,,,,,1.2235825879183975,1.04475425004506,1.382519949651493,Kd,cv3,B0,regression,,,,,,,
B*27:05,90,,,,,,,0.9560176937977168,0.8590575901712114,1.0607486353377193,Kd,cv3,B0,regression,,,,,,,
B*35:01,91,,,,,,,1.4807213361300664,1.2750602295407822,1.6448337467505656,Kd,cv3,B0,regression,,,,,,,
B*39:01,64,,,,,,,1.0662874156793831,0.9390411559164831,1.1920607030625183,Kd,cv3,B0,regression,,,,,,,
B*40:01,70,,,,,,,1.20238205233561,1.0763009391056773,1.3321040435317801,Kd,cv3,B0,regression,,,,,,,
B*51:01,32,,,,,,,0.7606886179990641,0.5998827120171442,0.9253245596051015,Kd,cv3,B0,regression,,,,,,,
B*57:01,51,,,,,,,0.7373007483766948,0.5960915342483636,0.8382290050483282,Kd,cv3,B0,regression,,,,,,,
B*58:01,126,,,,,,,1.094475186747314,0.99854820272078,1.1769850018026755,Kd,cv3,B0,regression,,,,,,,
A*01:01,99,0.32191450442061037,0.10356340279341075,0.4902628994005635,0.2883425187700216,0.1324599295382803,0.48702176362883703,74.59506006340492,72.90745767037883,75.90468668956953,Kd,cv3,B1,regression,,,,,,,
A*02:01,199,0.17395734358218343,0.03743997661905618,0.29587853841720657,0.14761647352743607,0.009233160310291233,0.31769682387123466,75.136570036923,74.31629872316593,76.0918299503105,Kd,cv3,B1,regression,,,,,,,
A*03:01,118,0.14429604958019715,-0.06543476387051723,0.3435792667663982,0.17973643248919882,0.004511907655185321,0.366638109398809,70.69701906581687,69.67821580625794,71.66407379357835,Kd,cv3,B1,regression,,,,,,,
A*11:01,118,0.12181992157289714,-0.07998252381131324,0.29652539167356773,0.14633183501851352,-0.03273367255660809,0.33443065778593417,68.9234931915346,67.87574739111392,70.05850181703829,Kd,cv3,B1,regression,,,,,,,
A*23:01,22,0.5548023484315479,0.21973119103677674,0.7379021648165166,0.3420737744462796,0.15310923725531944,0.7233449459041584,75.65915842301858,70.17197104180372,79.17166924567096,Kd,cv3,B1,regression,,,,,,,
A*24:02,25,-0.05670382212824524,-0.4670902541119772,0.3476399659549932,-0.2643997067556922,-0.5411998085557195,0.2977095753183885,77.25303022998607,73.1922178065826,81.05501230913727,Kd,cv3,B1,regression,,,,,,,
A*25:01,12,-0.4735248401359471,-0.913492935142424,0.15297873909752424,-0.5213860746802105,-0.8295064251278815,-0.03253098039960005,75.11628940523457,71.8019151013601,78.41434129878725,Kd,cv3,B1,regression,,,,,,,
A*26:01,79,0.21633793220375647,-0.003195482180821412,0.43272150951662464,0.014952029655099987,-0.15135547808015024,0.3127828102978434,71.19981736963825,69.6483711748641,72.78446752088618,Kd,cv3,B1,regression,,,,,,,
A*29:02,46,0.41766740313908807,0.1277926761132232,0.6484473154221145,0.3037863091443716,0.14093930909455332,0.5656909637238411,71.0312648110047,68.78906821858601,72.82478538204595,Kd,cv3,B1,regression,,,,,,,
A*30:01,44,0.1255813953488372,-0.2087150615478603,0.5086568998093125,0.13692513008689491,-0.137414462807008,0.32475040273174033,70.76416146752281,68.24098471015976,72.94314040147738,Kd,cv3,B1,regression,,,,,,,
A*31:01,90,0.21708942293233596,0.02736530251678442,0.40322552121037564,0.19477689610376694,0.012352841085552374,0.35375830743271786,74.63734681530008,73.57904410822282,75.85836192953315,Kd,cv3,B1,regression,,,,,,,
A*68:02,39,0.22981523929889713,-0.12037339859374926,0.5094091958531846,0.17509199711245627,-0.07197518888151785,0.4507994368181701,68.71506362502654,66.55935461571295,70.90516588867891,Kd,cv3,B1,regression,,,,,,,
B*07:02,118,-0.01796817223177417,-0.19132299118685156,0.1692885596888813,0.0740746082076636,-0.1368041653365253,0.26842304698441977,66.88192283047013,65.55695930918029,68.26285512368358,Kd,cv3,B1,regression,,,,,,,
B*08:01,70,0.3050503460036771,0.07631196786708797,0.5426803128044082,0.33757962923237717,0.11221997957006365,0.5196598127145851,75.81183712998823,74.34187317113289,77.18431664385335,Kd,cv3,B1,regression,,,,,,,
B*15:01,185,0.22140197273887877,0.07736553196681847,0.3571707585532742,0.1927829314718435,0.08287035682421848,0.30320663239249884,74.69460038592874,73.49068360974816,75.68108913577562,Kd,cv3,B1,regression,,,,,,,
B*18:01,48,0.09401291877281168,-0.20970392435164822,0.37526490611990804,0.15365712502479761,-0.16932463397525785,0.3945861909326856,71.38347210423227,69.67940090778829,73.33057116451913,Kd,cv3,B1,regression,,,,,,,
B*27:05,90,0.17106026745676658,-0.03522101069083419,0.3533593792462212,0.0664590549422681,-0.13925624808978138,0.28161138317401857,70.49020742875935,68.14516864898489,72.51269977355264,Kd,cv3,B1,regression,,,,,,,
B*35:01,91,0.15229190641681792,-0.033544569393761915,0.3112887228863105,0.16152752858214078,0.0038294599515739385,0.3047475502481988,71.721869009149,70.35730589672933,73.29674234119884,Kd,cv3,B1,regression,,,,,,,
B*39:01,64,0.07188809269495441,-0.15825478062660245,0.30122450801899353,0.08523721878738769,-0.12213963645246116,0.29389403555870536,72.69904352838752,71.43918788063716,74.12831886117452,Kd,cv3,B1,regression,,,,,,,
B*40:01,70,-0.035204059348670616,-0.2820818397039359,0.20182014567779424,0.01727876690909507,-0.23571377415466582,0.26883975798815535,64.6019440271448,63.45466208115034,65.87240945537488,Kd,cv3,B1,regression,,,,,,,
B*51:01,32,0.005498533724340175,-0.35413180011998024,0.3492136627615464,0.1018331792221448,-0.41185945712880895,0.4696370649657996,73.86123855704527,72.16315592898594,75.4096087792205,Kd,cv3,B1,regression,,,,,,,
B*57:01,51,0.33376320739780735,0.09892160517039877,0.5835594712178738,0.344380432420923,0.11878416131061845,0.5532053933812685,76.14352976472638,74.82815632088673,77.58268790564175,Kd,cv3,B1,regression,,,,,,,
B*58:01,126,0.19471033429916507,0.02196795169401872,0.38600183193570914,0.200994295466351,0.06713268885315508,0.3429947369823063,75.53386648684024,74.20919129646386,76.70006709764029,Kd,cv3,B1,regression,,,,,,,
A*01:01,99,0.03189387266291053,-0.1919489283675292,0.21493914944079737,0.003357453170969799,-0.23553291791983047,0.24864141027622036,1.374422003402119,1.2173158450265231,1.5723565936969897,Kd,cv3,B2,regression,,,,,,,
A*02:01,199,-0.05133785021571589,-0.19261281500413216,0.08566933453311702,-0.04137947072643633,-0.1644011280864469,0.0906344339087821,1.5830345957468164,1.4831990341693775,1.6897116751712118,Kd,cv3,B2,regression,,,,,,,
A*03:01,118,0.22632103688933203,0.03424947756731733,0.40233272467546904,0.2575399774214275,0.07679966200836247,0.41388418836732577,0.9986848959748154,0.897238763539212,1.1010447284699059,Kd,cv3,B2,regression,,,,,,,
A*11:01,118,0.1944750816571763,0.02196256714392802,0.33613112317836147,0.22493219012979837,0.031533605486306994,0.3691554195921933,1.1452472961463214,1.0437218745746448,1.2482832659233036,Kd,cv3,B2,regression,,,,,,,
A*23:01,22,-0.20000003191931565,-0.5314030375842651,0.24235544108118415,-0.2243312646921936,-0.5394710062587268,0.14777343780936733,1.7028235235456508,1.305069806972716,2.0500858886503273,Kd,cv3,B2,regression,,,,,,,
A*24:02,25,0.05396639623239892,-0.3038815880023072,0.46538870068924737,0.1390955140250798,-0.2392852523703222,0.43699143178118016,2.501382075023565,2.1328636556426592,2.8748352604197387,Kd,cv3,B2,regression,,,,,,,
A*25:01,12,-0.04593897702811427,-0.6913583496376067,0.4252602847125874,-0.06070256510542406,-0.579006809074069,0.38927849672650855,1.220643270559834,0.9557293156569282,1.4621052558597272,Kd,cv3,B2,regression,,,,,,,
A*26:01,79,0.3191148816539939,0.12938334386946265,0.49841044029466014,0.3352076063505976,0.12472104215674762,0.49694923395291024,1.0824614896048488,0.9543219215774507,1.2201178033555697,Kd,cv3,B2,regression,,,,,,,
A*29:02,46,-0.0401864439023864,-0.334579480169671,0.3191908850132255,0.06418980977588525,-0.21764800356451408,0.39832580427040587,1.466787464255693,1.2172610242445858,1.7648393192583312,Kd,cv3,B2,regression,,,,,,,
A*30:01,44,0.02635658914728682,-0.31419623538115643,0.34256074645136886,0.04786499914670118,-0.3361279248317424,0.3312699374911532,1.399238008693942,1.1858117461607791,1.5742957080314217,Kd,cv3,B2,regression,,,,,,,
A*31:01,90,0.14197696002490923,-0.08614606478955752,0.35956205550193265,0.15352826888430873,-0.06072673888723448,0.34133874148983245,1.0586460773298179,0.9301739673026644,1.1851923059046814,Kd,cv3,B2,regression,,,,,,,
A*68:02,39,0.1421340381431361,-0.11234806039163475,0.3684780660588756,0.05091396353856867,-0.19997308424974483,0.312907542653055,1.2595698405287503,1.034368932193034,1.4475462391385387,Kd,cv3,B2,regression,,,,,,,
B*07:02,118,-0.0475608754012998,-0.21674462404482653,0.14510305899782455,-0.06424703916241374,-0.2554946259774815,0.12417059244125228,1.2398691202149004,1.1222477778009166,1.363073013011335,Kd,cv3,B2,regression,,,,,,,
B*08:01,70,0.16217445696060126,-0.09989005060375584,0.36759277162532905,0.15983088018812688,-0.1267396217147482,0.38329381912587857,1.106975001655037,0.9641870093784795,1.239511779947856,Kd,cv3,B2,regression,,,,,,,
B*15:01,185,-0.13719598004390035,-0.2745842587576406,-0.007916679408580289,-0.11305560592778877,-0.26957299447579985,0.030358839824796202,0.8904575958622456,0.7912555671301574,0.9684246453983889,Kd,cv3,B2,regression,,,,,,,
B*18:01,48,0.21565434542978104,-0.0627450900412485,0.4938086857810296,0.17392818342001318,-0.0884180049015809,0.4277281710359677,1.250213320933771,1.0847401060431705,1.429466727719763,Kd,cv3,B2,regression,,,,,,,
B*27:05,90,-0.19627356803037116,-0.36038393592186146,-0.013007517106495137,-0.1481005643844782,-0.30998392342544145,0.04868251900024407,1.1616328865061825,1.046692901858758,1.2742807917973094,Kd,cv3,B2,regression,,,,,,,
B*35:01,91,-0.01424003392287786,-0.22462366888644558,0.17814387732042417,-0.003277015310717857,-0.19094007256823547,0.1683120871552573,1.557894530884216,1.3469362375116953,1.7744629097515228,Kd,cv3,B2,regression,,,,,,,
B*39:01,64,0.3091645871823771,0.08113755207711448,0.5535611057516543,0.2931252664154905,0.039991198963077935,0.5256893947986313,1.0316209360728372,0.8711113262609166,1.1879027804561153,Kd,cv3,B2,regression,,,,,,,
B*40:01,70,-0.067538602925382,-0.31151547916795425,0.1997076886280056,-0.08673220229934886,-0.3414088257161394,0.17239359554391975,1.342851064438358,1.171564811265644,1.5173203551151058,Kd,cv3,B2,regression,,,,,,,
B*51:01,32,-0.19281524926686217,-0.4680507797140707,0.16458585654365093,-0.14779778323441678,-0.3865924709314436,0.1564324672819726,1.0335582030279393,0.8562872947725124,1.2385709661849167,Kd,cv3,B2,regression,,,,,,,
B*57:01,51,0.24258467392348768,-0.0584874377040364,0.5511137811999788,0.23812671123663978,-0.050402511265692396,0.48069466832572794,0.7514089678353899,0.5974535277833027,0.8769334468022759,Kd,cv3,B2,regression,,,,,,,
B*58:01,126,0.003800610438391996,-0.16492921376274206,0.17247825261767424,-0.00571704365531623,-0.17311026814028474,0.1987139828601195,1.1476106255281442,1.0401710746224497,1.2527738059619788,Kd,cv3,B2,regression,,,,,,,
A*01:01,99,0.1502728946991274,-0.08937467345799213,0.3486580589521026,0.15514582234923158,-0.06450640672826001,0.39950424837688603,1.3008728999559585,1.15161298490533,1.4678366161958833,Kd,cv3,B3,regression,,,,,,,
A*02:01,199,0.045961572759050544,-0.08990185071396789,0.16852664801156694,0.07972616853711469,-0.0612861459513659,0.22133165236898075,1.5517008610166207,1.445431913294241,1.6665466864352843,Kd,cv3,B3,regression,,,,,,,
A*03:01,118,0.2421417067478882,0.05597405414248155,0.4401726493921865,0.27222777325160086,0.09704786745381125,0.4695996407142147,0.9553838793536886,0.8552629658874449,1.0719839587544349,Kd,cv3,B3,regression,,,,,,,
A*11:01,118,0.25400819538663416,0.06646223216236062,0.40974873688187713,0.27670469806382453,0.1050154213139858,0.4228372326138658,1.1274990903157833,1.015490715781852,1.2350285921614972,Kd,cv3,B3,regression,,,,,,,
A*23:01,22,-0.02937853576215936,-0.4705632438859095,0.43010826318798884,-0.11606564142813544,-0.5318215933352799,0.3933266373201092,1.6601320232101546,1.217681142193721,2.0422660721867665,Kd,cv3,B3,regression,,,,,,,
A*24:02,25,0.05748594381277277,-0.3284252332481909,0.4469062222878203,0.11761452574768239,-0.2725367324693355,0.4321157631792928,2.4055831169227786,2.042670102320217,2.74466385343747,Kd,cv3,B3,regression,,,,,,,
A*25:01,12,-0.007067534927402195,-0.618128306542683,0.5376760889268843,-0.017998354472361644,-0.5035005326075597,0.502731665012889,1.1572200435806184,0.7938775670149518,1.4714627125629713,Kd,cv3,B3,regression,,,,,,,
A*26:01,79,0.21322200384524617,-0.012229184569596612,0.40224020642367553,0.22793479828429528,0.020227970602109773,0.422604566412448,1.1323028471848553,1.0010224316203933,1.2656006129507664,Kd,cv3,B3,regression,,,,,,,
A*29:02,46,0.013210290315070183,-0.27320599826109043,0.29350116707280943,0.0519400549153229,-0.2183728264479609,0.3056672867468265,1.5569818782271296,1.2756475093387163,1.850567728812635,Kd,cv3,B3,regression,,,,,,,
A*30:01,44,-0.06116983791402396,-0.39548825090492457,0.2925890393578126,-0.018827066648045752,-0.36576912664303635,0.2851264855296834,1.4385543227474304,1.1848052103267641,1.626939589552774,Kd,cv3,B3,regression,,,,,,,
A*31:01,90,0.13461799653567746,-0.09376489814380057,0.3335802102522772,0.12596836236110703,-0.11800621850589928,0.33550754357326923,1.0982477133341546,0.9627549819844776,1.250877885778618,Kd,cv3,B3,regression,,,,,,,
A*68:02,39,0.14355132912177132,-0.17676550725920792,0.44960762226116724,0.05615145295913305,-0.20959366387282516,0.294837997263071,1.1620129297744124,0.8889511363621823,1.375776864948465,Kd,cv3,B3,regression,,,,,,,
B*07:02,118,0.027558501557107293,-0.1773391312269825,0.21354600337779792,0.011456400763720734,-0.18586266463679205,0.19064761563158378,1.2197807751534995,1.090150471716342,1.360420861672334,Kd,cv3,B3,regression,,,,,,,
B*08:01,70,0.38892825588274954,0.14601315423975042,0.585943375928567,0.3989475469593897,0.15076804468066846,0.6007290133322134,1.0693251068713983,0.9200791165023838,1.2007263997363473,Kd,cv3,B3,regression,,,,,,,
B*15:01,185,0.0030258662762662762,-0.12898743984078892,0.15243521745429245,0.03975012859181841,-0.0982119368850633,0.16916999762130416,0.8640265420726149,0.7850821193696264,0.9418804388397028,Kd,cv3,B3,regression,,,,,,,
B*18:01,48,0.19882755280878128,-0.07036230046864887,0.46823408463379224,0.14454121956717758,-0.07899087786616038,0.3477050806037211,1.2673250880999962,1.124538657508044,1.4406081196975828,Kd,cv3,B3,regression,,,,,,,
B*27:05,90,-0.185556063183217,-0.39690300758955416,0.021610753179718258,-0.20822029176590312,-0.38253953710468264,0.005186020753612673,1.1789650686839797,1.0605986982392557,1.2998732319858768,Kd,cv3,B3,regression,,,,,,,
B*35:01,91,0.0711125631417094,-0.17164204007671008,0.2675898190867173,0.09288982268501848,-0.091940806510884,0.25853265896970584,1.5671301637657236,1.3631669887557507,1.7571739662840549,Kd,cv3,B3,regression,,,,,,,
B*39:01,64,0.28221799957028754,0.028963948221039707,0.5081941259063022,0.29549426254127226,0.06180982685679512,0.4812081969737034,1.0455842776680582,0.8802687421603455,1.2031455250458636,Kd,cv3,B3,regression,,,,,,,
B*40:01,70,0.1657845240202058,-0.059133650921398204,0.4284236906606029,0.17151090456246484,-0.10874767662285031,0.4151414358979797,1.395698352219784,1.2112565166507954,1.5715626831279037,Kd,cv3,B3,regression,,,,,,,
B*51:01,32,-0.18328445747800584,-0.5322716448747195,0.20120892587211436,-0.22742349545377433,-0.43721931929305236,0.03759790775232128,1.0269086972943833,0.842953979851145,1.2163395679133584,Kd,cv3,B3,regression,,,,,,,
B*57:01,51,0.2713183556883477,0.004515280807417523,0.5158687254999094,0.27316003355565255,-0.07221864990093387,0.5253099181380813,0.7569976629983959,0.5956867363120069,0.891412399345699,Kd,cv3,B3,regression,,,,,,,
B*58:01,126,0.11782492297521643,-0.04852093008310657,0.2840462387220092,0.09477637714275086,-0.07866271578746145,0.28202537821993895,1.1184852548623998,1.014052881067804,1.2152777549480547,Kd,cv3,B3,regression,,,,,,,
A*01:01,99,,,,,,,,,,Kd,cv3,B0,classification,0.6060606060606061,0.5,0.5,0.5,0.6060606060606061,0.5075531243425205,0.7010096153846153
A*02:01,199,,,,,,,,,,Kd,cv3,B0,classification,0.7537688442211056,0.5,0.5,0.5,0.7537688442211056,0.702020202020202,0.8131313131313131
A*03:01,118,,,,,,,,,,Kd,cv3,B0,classification,0.576271186440678,0.5,0.5,0.5,0.576271186440678,0.485114299957271,0.65
A*11:01,118,,,,,,,,,,Kd,cv3,B0,classification,0.6016949152542372,0.5,0.5,0.5,0.6016949152542372,0.514559111920437,0.6837606837606838
A*23:01,22,,,,,,,,,,Kd,cv3,B0,classification,0.8636363636363636,0.5,0.5,0.5,0.8636363636363636,0.6886363636363636,0.9545454545454546
A*24:02,25,,,,,,,,,,Kd,cv3,B0,classification,1.0,,,,,,
A*25:01,12,,,,,,,,,,Kd,cv3,B0,classification,1.0,,,,,,
A*26:01,79,,,,,,,,,,Kd,cv3,B0,classification,0.5822784810126582,0.5,0.5,0.5,0.5822784810126582,0.4810126582278481,0.6901898734177212
A*29:02,46,,,,,,,,,,Kd,cv3,B0,classification,0.9130434782608695,0.5,0.5,0.5,0.9130434782608695,0.8135869565217392,0.9782608695652174
A*30:01,44,,,,,,,,,,Kd,cv3,B0,classification,0.4772727272727273,0.5,0.5,0.5,0.4772727272727273,0.31759977827051,0.6436904761904761
A*31:01,90,,,,,,,,,,Kd,cv3,B0,classification,0.6666666666666666,0.5,0.5,0.5,0.6666666666666666,0.5666666666666667,0.7752808988764045
A*68:02,39,,,,,,,,,,Kd,cv3,B0,classification,0.41025641025641024,0.5,0.5,0.5,0.41025641025641024,0.28205128205128205,0.5641025641025641
B*07:02,118,,,,,,,,,,Kd,cv3,B0,classification,0.6101694915254238,0.5,0.5,0.5,0.6101694915254238,0.5315384615384615,0.6936766623207301
B*08:01,70,,,,,,,,,,Kd,cv3,B0,classification,0.5285714285714286,0.5,0.5,0.5,0.5285714285714286,0.4112223340040242,0.6521739130434783
B*15:01,185,,,,,,,,,,Kd,cv3,B0,classification,0.6756756756756757,0.5,0.5,0.5,0.6756756756756757,0.604704205274412,0.7386493751816332
B*18:01,48,,,,,,,,,,Kd,cv3,B0,classification,0.6041666666666666,0.5,0.5,0.5,0.6041666666666666,0.46808510638297873,0.747473404255319
B*27:05,90,,,,,,,,,,Kd,cv3,B0,classification,0.5777777777777777,0.5,0.5,0.5,0.5777777777777777,0.4777777777777778,0.6740412799218368
B*35:01,91,,,,,,,,,,Kd,cv3,B0,classification,0.7582417582417582,0.5,0.5,0.5,0.7582417582417582,0.6703296703296703,0.8351648351648352
B*39:01,64,,,,,,,,,,Kd,cv3,B0,classification,0.578125,0.5,0.5,0.5,0.578125,0.4494651442307692,0.689580941446613
B*40:01,70,,,,,,,,,,Kd,cv3,B0,classification,0.7428571428571429,0.5,0.5,0.5,0.7428571428571429,0.6521739130434783,0.8450704225352113
B*51:01,32,,,,,,,,,,Kd,cv3,B0,classification,0.5625,0.5,0.5,0.5,0.5625,0.40625,0.71875
B*57:01,51,,,,,,,,,,Kd,cv3,B0,classification,0.7058823529411765,0.5,0.5,0.5,0.7058823529411765,0.5783846153846154,0.8076923076923077
B*58:01,126,,,,,,,,,,Kd,cv3,B0,classification,0.5873015873015873,0.5,0.5,0.5,0.5873015873015873,0.49606299212598426,0.6795458611641222
A*01:01,99,,,,,,,,,,Kd,cv3,B1,classification,0.6060606060606061,0.38418803418803416,0.2616480498317914,0.5018530949689088,0.5413583844448472,0.4239740663005068,0.6775989897248116
A*02:01,199,,,,,,,,,,Kd,cv3,B1,classification,0.7537688442211056,0.3680952380952381,0.2843897998344924,0.4573174927965071,0.6780659173979213,0.6032974994143049,0.774103653257743
A*03:01,118,,,,,,,,,,Kd,cv3,B1,classification,0.576271186440678,0.44617647058823523,0.32523371741174417,0.5677469375192672,0.546700472911501,0.4396781687817506,0.6605588233057852
A*11:01,118,,,,,,,,,,Kd,cv3,B1,classification,0.6016949152542372,0.45220257716511836,0.35121256243245613,0.5685363005050506,0.5480149812244729,0.4523253122142257,0.6747674734845914
A*23:01,22,,,,,,,,,,Kd,cv3,B1,classification,0.8636363636363636,0.3157894736842105,0.10712074303405572,0.5,0.8639192111185754,0.6943920250808568,0.959527015208406
A*24:02,25,,,,,,,,,,Kd,cv3,B1,classification,1.0,,,,,,
A*25:01,12,,,,,,,,,,Kd,cv3,B1,classification,1.0,,,,,,
A*26:01,79,,,,,,,,,,Kd,cv3,B1,classification,0.5822784810126582,0.34716732542819495,0.231540346907994,0.4733877927274153,0.5632773312549059,0.4297805995964298,0.6897894732253474
A*29:02,46,,,,,,,,,,Kd,cv3,B1,classification,0.9130434782608695,0.35714285714285715,0.08979797979797981,0.636046511627907,0.8980898868505286,0.7781523255983964,0.977640514157602
A*30:01,44,,,,,,,,,,Kd,cv3,B1,classification,0.4772727272727273,0.4057971014492754,0.2021111111111111,0.6141523935002196,0.42488665123563285,0.2857848413896233,0.6258356789341883
A*31:01,90,,,,,,,,,,Kd,cv3,B1,classification,0.6666666666666666,0.4183333333333333,0.27944097222222225,0.5419470332411573,0.6123217325677115,0.49223679581824753,0.7663853502325028
A*68:02,39,,,,,,,,,,Kd,cv3,B1,classification,0.41025641025641024,0.3410326086956521,0.17225935828877006,0.5452916666666664,0.34853105264396234,0.23052744347597287,0.5928828438135371
B*07:02,118,,,,,,,,,,Kd,cv3,B1,classification,0.6101694915254238,0.5286835748792271,0.41638278388278394,0.6365944163860829,0.6276821034664282,0.5382299438666848,0.7563793792182595
B*08:01,70,,,,,,,,,,Kd,cv3,B1,classification,0.5285714285714286,0.39803439803439805,0.27056771947900976,0.5291666666666667,0.46432540928862664,0.3447028571707479,0.627193685217344
B*15:01,185,,,,,,,,,,Kd,cv3,B1,classification,0.6756756756756757,0.40386666666666665,0.31002241483380466,0.49406904364804943,0.6238935536008482,0.5365965566651376,0.7141173117229856
B*18:01,48,,,,,,,,,,Kd,cv3,B1,classification,0.6041666666666666,0.4736842105263158,0.30395328177257525,0.6790969405003381,0.575068404041992,0.44032372392413865,0.802998707707217
B*27:05,90,,,,,,,,,,Kd,cv3,B1,classification,0.5777777777777777,0.43876518218623484,0.3183266188327164,0.5606496710526315,0.5461652618271591,0.4314893107669569,0.6773348746970452
B*35:01,91,,,,,,,,,,Kd,cv3,B1,classification,0.7582417582417582,0.3642951251646903,0.24171515937731655,0.4836322950232725,0.7054702535998637,0.5838106283562251,0.8364578885527224
B*39:01,64,,,,,,,,,,Kd,cv3,B1,classification,0.578125,0.5175175175175175,0.3534074074074074,0.6561882083433807,0.6136403361815531,0.4711104301606429,0.7839201016229771
B*40:01,70,,,,,,,,,,Kd,cv3,B1,classification,0.7428571428571429,0.48076923076923084,0.32014481633469505,0.64178813144576,0.7124200436846928,0.601587163977528,0.8469690388265761
B*51:01,32,,,,,,,,,,Kd,cv3,B1,classification,0.5625,0.5158730158730159,0.3291666666666666,0.704393090569561,0.5794391138355669,0.42515138092863775,0.8325774001826629
B*57:01,51,,,,,,,,,,Kd,cv3,B1,classification,0.7058823529411765,0.30925925925925923,0.15664682881950434,0.47350694444444436,0.5958593733285964,0.4496598761139046,0.7742327405399216
B*58:01,126,,,,,,,,,,Kd,cv3,B1,classification,0.5873015873015873,0.3535602910602911,0.24454786439665474,0.45015621765920727,0.48911230936138783,0.39786409280639246,0.5989800150663855
A*01:01,99,,,,,,,,,,Kd,cv3,B2,classification,0.6060606060606061,0.497008547008547,0.36246380670704686,0.603795045045045,0.6026980781098357,0.48514654775357813,0.7457022144192762
A*02:01,199,,,,,,,,,,Kd,cv3,B2,classification,0.7537688442211056,0.5131972789115646,0.4113104926025959,0.6165251842204035,0.7352643778772086,0.6814753746212636,0.8206350192364593
A*03:01,118,,,,,,,,,,Kd,cv3,B2,classification,0.576271186440678,0.5591176470588235,0.4567244034774995,0.6611535436330518,0.6374693669814828,0.5289008048645004,0.7494224757964167
A*11:01,118,,,,,,,,,,Kd,cv3,B2,classification,0.6016949152542372,0.6442912795924483,0.5476798309308074,0.7475302840434419,0.7282320576232497,0.6158327320715541,0.8294857415472802
A*23:01,22,,,,,,,,,,Kd,cv3,B2,classification,0.8636363636363636,0.2807017543859649,0.0,0.5605263157894734,0.8194386916380563,0.6471000463083958,0.9688195117739566
A*24:02,25,,,,,,,,,,Kd,cv3,B2,classification,1.0,,,,,,
A*25:01,12,,,,,,,,,,Kd,cv3,B2,classification,1.0,,,,,,
A*26:01,79,,,,,,,,,,Kd,cv3,B2,classification,0.5822784810126582,0.6409749670619236,0.5134804778554778,0.749309812459091,0.7336294783614864,0.5886944080358743,0.843200746045357
A*29:02,46,,,,,,,,,,Kd,cv3,B2,classification,0.9130434782608695,0.3571428571428571,0.10968992248062015,0.6599837662337662,0.8982262322222829,0.786584031463455,0.9774776554984558
A*30:01,44,,,,,,,,,,Kd,cv3,B2,classification,0.4772727272727273,0.6169772256728778,0.44496874999999997,0.7903571428571428,0.6294532159384993,0.4286626013049119,0.8242256259019654
A*31:01,90,,,,,,,,,,Kd,cv3,B2,classification,0.6666666666666666,0.46388888888888885,0.3386788249782672,0.591182614337992,0.6665856136708462,0.554015389713263,0.810435211922804
A*68:02,39,,,,,,,,,,Kd,cv3,B2,classification,0.41025641025641024,0.5842391304347825,0.39210526315789473,0.7681248859697135,0.5386070326475925,0.34180706677876765,0.764823702598487
B*07:02,118,,,,,,,,,,Kd,cv3,B2,classification,0.6101694915254238,0.4335748792270532,0.3378729586808855,0.5397670588544342,0.5542282233091849,0.46232590526090334,0.6822536547602986
B*08:01,70,,,,,,,,,,Kd,cv3,B2,classification,0.5285714285714286,0.5782145782145782,0.4374247236429632,0.700345394736842,0.6289031591672938,0.47527965039003395,0.7910377468934564
B*15:01,185,,,,,,,,,,Kd,cv3,B2,classification,0.6756756756756757,0.41333333333333333,0.34124391778621427,0.49093164172978054,0.6475613132995125,0.5591568831855749,0.7474293109135054
B*18:01,48,,,,,,,,,,Kd,cv3,B2,classification,0.6041666666666666,0.6987295825771325,0.5423411633841524,0.8542162698412699,0.7765269016703235,0.6522983901409495,0.9211245921744828
B*27:05,90,,,,,,,,,,Kd,cv3,B2,classification,0.5777777777777777,0.3507085020242915,0.2411430311835524,0.46148892637225186,0.5254664520886164,0.4100381211592837,0.6611214591748863
B*35:01,91,,,,,,,,,,Kd,cv3,B2,classification,0.7582417582417582,0.5362318840579711,0.3920572916666667,0.6755475138287638,0.796769942786295,0.6810789895755985,0.8955195459415032
B*39:01,64,,,,,,,,,,Kd,cv3,B2,classification,0.578125,0.6046046046046047,0.4665446091252543,0.7647651901669758,0.6753898751014551,0.5175070883474576,0.8295805222425766
B*40:01,70,,,,,,,,,,Kd,cv3,B2,classification,0.7428571428571429,0.47970085470085466,0.2666529184207532,0.6939094839324617,0.6936613072754623,0.590693579804341,0.8563222198503858
B*51:01,32,,,,,,,,,,Kd,cv3,B2,classification,0.5625,0.4801587301587302,0.2797702205882353,0.679112554112554,0.5951553443155553,0.3969690528370426,0.8126484527740703
B*57:01,51,,,,,,,,,,Kd,cv3,B2,classification,0.7058823529411765,0.5518518518518518,0.38285714285714284,0.7271298076923076,0.7331919704556827,0.6020474946181781,0.8918498308452909
B*58:01,126,,,,,,,,,,Kd,cv3,B2,classification,0.5873015873015873,0.5696465696465697,0.4609300397877984,0.676761349584879,0.6311601530598193,0.5039401935489661,0.7614026286212688
A*01:01,99,,,,,,,,,,Kd,cv3,B3,classification,0.6060606060606061,0.5683760683760684,0.43589077840112195,0.6968271131042869,0.6577779603603566,0.5441406558392681,0.7957246594515245
A*02:01,199,,,,,,,,,,Kd,cv3,B3,classification,0.7537688442211056,0.5848979591836735,0.4879549485125858,0.6787990540963101,0.7986544896587959,0.7321774572516511,0.8622368607068405
A*03:01,118,,,,,,,,,,Kd,cv3,B3,classification,0.576271186440678,0.595,0.496934435789409,0.7030003022606965,0.6215003971533041,0.5217176762275689,0.739172033510782
A*11:01,118,,,,,,,,,,Kd,cv3,B3,classification,0.6016949152542372,0.6514833682948756,0.5402503960701737,0.7456688155594405,0.7001826940175593,0.5889092183796167,0.8147374387322328
A*23:01,22,,,,,,,,,,Kd,cv3,B3,classification,0.8636363636363636,0.4385964912280702,0.0,0.8372180451127809,0.828516666466805,0.6508880005476638,0.9903525046382189
A*24:02,25,,,,,,,,,,Kd,cv3,B3,classification,1.0,,,,,,
A*25:01,12,,,,,,,,,,Kd,cv3,B3,classification,1.0,,,,,,
A*26:01,79,,,,,,,,,,Kd,cv3,B3,classification,0.5822784810126582,0.5744400527009224,0.4321969634628045,0.706188854411691,0.6505437320092254,0.5110477578951693,0.7870005540283643
A*29:02,46,,,,,,,,,,Kd,cv3,B3,classification,0.9130434782608695,0.375,0.10229915433403805,0.5923480576441104,0.9007855195884658,0.7909596222557841,0.9788594101540053
A*30:01,44,,,,,,,,,,Kd,cv3,B3,classification,0.4772727272727273,0.5527950310559007,0.4070185185185185,0.7314363354037265,0.5566156364031487,0.3713074277551945,0.7723294158099865
A*31:01,90,,,,,,,,,,Kd,cv3,B3,classification,0.6666666666666666,0.54,0.3999931656642975,0.6834815722621362,0.676414187091482,0.5433571880048739,0.8415516407707052
A*68:02,39,,,,,,,,,,Kd,cv3,B3,classification,0.41025641025641024,0.6114130434782609,0.4144385026737968,0.77989835700362,0.47545074007089716,0.33080710605083713,0.7220165683989213
B*07:02,118,,,,,,,,,,Kd,cv3,B3,classification,0.6101694915254238,0.46678743961352653,0.36092104706051487,0.5690083194316612,0.6038759507240893,0.5010390579998795,0.7251724743536913
B*08:01,70,,,,,,,,,,Kd,cv3,B3,classification,0.5285714285714286,0.6011466011466012,0.4482327973634275,0.7378094523630906,0.6370165608862671,0.4777975330803555,0.8180563898635633
B*15:01,185,,,,,,,,,,Kd,cv3,B3,classification,0.6756756756756757,0.48333333333333334,0.40136173082743526,0.5672865558316403,0.6946947515243549,0.6012264712207005,0.7746933269029105
B*18:01,48,,,,,,,,,,Kd,cv3,B3,classification,0.6041666666666666,0.5898366606170599,0.44954461529982365,0.7331270702981227,0.6889549574179101,0.5455742927845405,0.8804780677527404
B*27:05,90,,,,,,,,,,Kd,cv3,B3,classification,0.5777777777777777,0.37803643724696356,0.25101626016260165,0.5143624522979923,0.49374588735640335,0.39104411556028,0.6375413007212968
B*35:01,91,,,,,,,,,,Kd,cv3,B3,classification,0.7582417582417582,0.6277997364953886,0.49760163993218565,0.7444506245120999,0.8568483147218685,0.7766464480484103,0.9202767302555487
B*39:01,64,,,,,,,,,,Kd,cv3,B3,classification,0.578125,0.6546546546546547,0.5137082649151615,0.781147113022113,0.71682587063845,0.5634195425486616,0.8694755772478183
B*40:01,70,,,,,,,,,,Kd,cv3,B3,classification,0.7428571428571429,0.6100427350427351,0.47102200959959584,0.7643965061514801,0.8259650400488733,0.7117856705587939,0.9169278164488404
B*51:01,32,,,,,,,,,,Kd,cv3,B3,classification,0.5625,0.5515873015873016,0.335,0.7315705128205127,0.7435884975937195,0.5625976456712344,0.8764552528353546
B*57:01,51,,,,,,,,,,Kd,cv3,B3,classification,0.7058823529411765,0.6037037037037036,0.4070769230769231,0.7661718750000001,0.7615598022918388,0.6159418375906142,0.9095872119682973
B*58:01,126,,,,,,,,,,Kd,cv3,B3,classification,0.5873015873015873,0.566008316008316,0.4646531037659457,0.6522909256148075,0.6559887628774925,0.5466653071229741,0.7774081744178343
